trial,length,method,success,plaintext_match,seconds,candidates,rank,excerpt_start,true_shifts,recovered_shifts
0,10,brute,0,0,0.054650,130321,37134,518836,4 8 6 6,14 4 6 5
0,10,columns,0,0,0.000228,108,,518836,4 8 6 6,14 8 6 6
0,10,known,1,1,0.000016,4,,518836,4 8 6 6,4 8 6 6
1,10,brute,0,0,0.057106,130321,77,302717,12 8 10 7,11 4 9 11
1,10,columns,0,0,0.000165,108,,302717,12 8 10 7,12 8 23 11
1,10,known,1,1,0.000012,4,,302717,12 8 10 7,12 8 10 7
2,10,brute,0,0,0.046386,130321,2362,586194,4 8 9 15,5 8 11 15
2,10,columns,0,0,0.000163,108,,586194,4 8 9 15,5 7 25 25
2,10,known,1,1,0.000011,4,,586194,4 8 9 15,4 8 9 15
3,10,brute,0,0,0.049283,130321,4897,655745,9 12 7 16,17 16 12 17
3,10,columns,0,0,0.000235,108,,655745,9 12 7 16,17 11 12 15
3,10,known,1,1,0.000013,4,,655745,9 12 7 16,9 12 7 16
4,10,brute,0,0,0.047707,130321,8390,33692,1 8 1 6,15 8 10 12
4,10,columns,0,0,0.000178,108,,33692,1 8 1 6,15 23 23 24
4,10,known,1,1,0.000011,4,,33692,1 8 1 6,1 8 1 6
5,10,brute,0,0,0.050422,130321,5036,246759,7 14 11 12,11 14 9 12
5,10,columns,0,0,0.000181,108,,246759,7 14 11 12,20 18 9 12
5,10,known,1,1,0.000011,4,,246759,7 14 11 12,7 14 11 12
6,10,brute,0,0,0.048861,130321,71,269853,13 3 12 7,13 0 7 11
6,10,columns,0,0,0.000197,108,,269853,13 3 12 7,13 3 12 6
6,10,known,1,1,0.000012,4,,269853,13 3 12 7,13 3 12 7
7,10,brute,0,0,0.049501,130321,107,386462,2 8 5 3,11 7 12 0
7,10,columns,0,0,0.000186,108,,386462,2 8 5 3,11 26 13 8
7,10,known,1,1,0.000011,4,,386462,2 8 5 3,2 8 5 3
8,10,brute,0,0,0.049656,130321,571,90076,6 8 6 3,6 4 10 16
8,10,columns,0,0,0.000187,108,,90076,6 8 6 3,6 26 15 21
8,10,known,1,1,0.000011,4,,90076,6 8 6 3,6 8 6 3
9,10,brute,0,0,0.052870,130321,105,140752,5 9 16 4,5 15 16 4
9,10,columns,0,0,0.000188,108,,140752,5 9 16 4,6 15 15 4
9,10,known,1,1,0.000011,4,,140752,5 9 16 4,5 9 16 4
10,10,brute,0,0,0.051454,130321,2893,174155,18 10 10 7,17 15 16 14
10,10,columns,0,0,0.000177,108,,174155,18 10 10 7,17 10 24 14
10,10,known,1,1,0.000011,4,,174155,18 10 10 7,18 10 10 7
11,10,brute,0,0,0.053196,130321,2347,62856,4 3 16 12,3 1 16 5
11,10,columns,0,0,0.000185,108,,62856,4 3 16 12,25 1 16 24
11,10,known,1,1,0.000011,4,,62856,4 3 16 12,4 3 16 12
12,10,brute,0,0,0.048564,130321,199,457281,5 8 4 9,5 8 12 4
12,10,columns,0,0,0.000180,108,,457281,5 8 4 9,9 8 20 4
12,10,known,1,1,0.000011,4,,457281,5 8 4 9,5 8 4 9
13,10,brute,0,0,0.049800,130321,1543,286303,8 11 7 5,8 8 16 16
13,10,columns,0,0,0.000175,108,,286303,8 11 7 5,8 3 1 17
13,10,known,1,1,0.000011,4,,286303,8 11 7 5,8 11 7 5
14,10,brute,0,0,0.051435,130321,351,507946,11 18 16 11,15 0 0 6
14,10,columns,0,0,0.000181,108,,507946,11 18 16 11,24 26 26 11
14,10,known,1,1,0.000012,4,,507946,11 18 16 11,11 18 16 11
15,10,brute,0,0,0.048895,130321,48,374204,5 11 10 9,5 7 7 8
15,10,columns,0,0,0.000172,108,,374204,5 11 10 9,23 7 10 8
15,10,known,1,1,0.000010,4,,374204,5 11 10 9,5 11 10 9
16,10,brute,0,0,0.050704,130321,20,534960,6 5 0 0,13 1 5 12
16,10,columns,0,0,0.000177,108,,534960,6 5 0 0,6 13 5 26
16,10,known,1,1,0.000011,4,,534960,6 5 0 0,6 5 0 0
17,10,brute,0,0,0.048184,130321,15,660598,15 4 4 16,15 18 0 15
17,10,columns,0,0,0.000231,108,,660598,15 4 4 16,10 4 5 16
17,10,known,1,1,0.000011,4,,660598,15 4 4 16,15 4 4 16
18,10,brute,0,0,0.049155,130321,406,686713,6 7 12 14,13 7 10 15
18,10,columns,0,0,0.000170,108,,686713,6 7 12 14,26 7 25 14
18,10,known,1,1,0.000010,4,,686713,6 7 12 14,6 7 12 14
19,10,brute,0,0,0.052646,130321,146,129093,6 12 4 17,6 17 17 8
19,10,columns,0,0,0.000183,108,,129093,6 12 4 17,6 17 22 17
19,10,known,1,1,0.000011,4,,129093,6 12 4 17,6 12 4 17
20,10,brute,0,0,0.052488,130321,21,520213,7 8 6 12,7 4 16 12
20,10,columns,0,0,0.000188,108,,520213,7 8 6 12,22 8 19 12
20,10,known,1,1,0.000011,4,,520213,7 8 6 12,7 8 6 12
21,10,brute,0,0,0.049732,130321,5748,447489,15 8 10 15,15 2 10 1
21,10,columns,0,0,0.000158,108,,447489,15 8 10 15,23 12 10 22
21,10,known,1,1,0.000012,4,,447489,15 8 10 15,15 8 10 15
22,10,brute,0,0,0.047784,130321,420,122788,8 13 13 6,8 16 13 6
22,10,columns,0,0,0.000189,108,,122788,8 13 13 6,21 20 24 6
22,10,known,1,1,0.000011,4,,122788,8 13 13 6,8 13 13 6
23,10,brute,0,0,0.051430,130321,56,608188,8 4 11 12,8 4 7 8
23,10,columns,0,0,0.000267,108,,608188,8 4 11 12,7 4 7 17
23,10,known,1,1,0.000010,4,,608188,8 4 11 12,8 4 11 12
24,10,brute,0,0,0.052891,130321,126,307590,6 11 10 15,18 11 1 4
24,10,columns,0,0,0.000172,108,,307590,6 11 10 15,24 11 10 16
24,10,known,1,1,0.000011,4,,307590,6 11 10 15,6 11 10 15
25,10,brute,0,0,0.049369,130321,4644,594717,9 14 3 15,1 0 11 13
25,10,columns,0,0,0.000177,108,,594717,9 14 3 15,1 19 25 25
25,10,known,1,1,0.000011,4,,594717,9 14 3 15,9 14 3 15
26,10,brute,0,0,0.050512,130321,539,580382,8 14 11 18,16 10 11 3
26,10,columns,0,0,0.000192,108,,580382,8 14 11 18,16 10 11 17
26,10,known,1,1,0.000011,4,,580382,8 14 11 18,8 14 11 18
27,10,brute,0,0,0.047339,130321,105,117169,7 2 10 14,15 3 3 14
27,10,columns,0,0,0.000175,108,,117169,7 2 10 14,22 3 24 14
27,10,known,1,1,0.000011,4,,117169,7 2 10 14,7 2 10 14
28,10,brute,0,0,0.050015,130321,266,553466,9 8 13 7,14 7 1 0
28,10,columns,0,0,0.000187,108,,553466,9 8 13 7,14 8 13 22
28,10,known,1,1,0.000011,4,,553466,9 8 13 7,9 8 13 7
29,10,brute,0,0,0.054859,130321,31966,675265,5 1 9 13,5 15 5 13
29,10,columns,0,0,0.000205,108,,675265,5 1 9 13,20 19 26 13
29,10,known,1,1,0.000011,4,,675265,5 1 9 13,5 1 9 13
30,10,brute,0,0,0.049405,130321,3666,315700,2 10 6 6,7 5 2 9
30,10,columns,0,0,0.000192,108,,315700,2 10 6 6,20 5 2 10
30,10,known,1,1,0.000011,4,,315700,2 10 6 6,2 10 6 6
31,10,brute,0,0,0.049947,130321,44,74034,2 10 7 2,2 3 2 2
31,10,columns,0,0,0.000190,108,,74034,2 10 7 2,2 22 14 2
31,10,known,1,1,0.000012,4,,74034,2 10 7 2,2 10 7 2
32,10,brute,0,0,0.049488,130321,595,466101,7 11 0 4,6 10 9 13
32,10,columns,0,0,0.000179,108,,466101,7 11 0 4,26 11 9 13
32,10,known,1,1,0.000011,4,,466101,7 11 0 4,7 11 0 4
33,10,brute,0,0,0.050991,130321,3931,488966,11 6 4 3,4 7 9 3
33,10,columns,0,0,0.000177,108,,488966,11 6 4 3,24 21 9 21
33,10,known,1,1,0.000011,4,,488966,11 6 4 3,11 6 4 3
34,10,brute,0,0,0.051458,130321,46,639062,12 12 5 8,12 11 5 8
34,10,columns,0,0,0.000163,108,,639062,12 12 5 8,12 12 25 8
34,10,known,1,1,0.000012,4,,639062,12 12 5 8,12 12 5 8
35,10,brute,0,0,0.049404,130321,532,651433,9 7 13 11,5 7 5 4
35,10,columns,0,0,0.000169,108,,651433,9 7 13 11,5 20 13 4
35,10,known,1,1,0.000011,4,,651433,9 7 13 11,9 7 13 11
36,10,brute,0,0,0.045587,130321,1309,434738,11 5 3 4,12 15 7 4
36,10,columns,0,0,0.000159,108,,434738,11 5 3 4,24 23 7 4
36,10,known,1,1,0.000010,4,,434738,11 5 3 4,11 5 3 4
37,10,brute,0,0,0.051631,130321,61,24018,6 4 7 9,6 4 16 1
37,10,columns,0,0,0.000177,108,,24018,6 4 7 9,6 16 20 22
37,10,known,1,1,0.000011,4,,24018,6 4 7 9,6 4 7 9
38,10,brute,0,0,0.052050,130321,6449,480642,4 5 6 8,4 1 1 16
38,10,columns,0,0,0.000212,108,,480642,4 5 6 8,12 19 6 16
38,10,known,1,1,0.000011,4,,480642,4 5 6 8,4 5 6 8
39,10,brute,0,0,0.055707,130321,55022,120350,13 8 10 8,14 8 7 1
39,10,columns,0,0,0.000175,108,,120350,13 8 10 8,19 8 19 13
39,10,known,1,1,0.000011,4,,120350,13 8 10 8,13 8 10 8
40,10,brute,0,0,0.050589,130321,1908,453320,6 11 8 9,6 13 8 13
40,10,columns,0,0,0.000174,108,,453320,6 11 8 9,6 13 8 0
40,10,known,1,1,0.000011,4,,453320,6 11 8 9,6 11 8 9
41,10,brute,0,0,0.047725,130321,637,515161,8 17 8 13,3 12 14 0
41,10,columns,0,0,0.000172,108,,515161,8 17 8 13,8 25 22 11
41,10,known,1,1,0.000011,4,,515161,8 17 8 13,8 17 8 13
42,10,brute,0,0,0.053061,130321,34685,78519,9 9 7 14,8 10 17 14
42,10,columns,0,0,0.000192,108,,78519,9 9 7 14,8 9 22 14
42,10,known,1,1,0.000012,4,,78519,9 9 7 14,9 9 7 14
43,10,brute,0,0,0.048019,130321,76,621356,10 9 8 15,10 9 9 10
43,10,columns,0,0,0.000329,108,,621356,10 9 8 15,10 2 9 14
43,10,known,1,1,0.000012,4,,621356,10 9 8 15,10 9 8 15
44,10,brute,0,0,0.049009,130321,59,476288,16 2 15 11,4 15 10 18
44,10,columns,0,0,0.000166,108,,476288,16 2 15 11,4 2 15 25
44,10,known,1,1,0.000011,4,,476288,16 2 15 11,16 2 15 11
45,10,brute,0,0,0.049335,130321,5247,56936,12 8 7 8,16 8 3 16
45,10,columns,0,0,0.000176,108,,56936,12 8 7 8,16 8 15 8
45,10,known,1,1,0.000011,4,,56936,12 8 7 8,12 8 7 8
46,10,brute,0,0,0.049622,130321,247,67305,2 7 10 2,2 17 10 6
46,10,columns,0,0,0.000173,108,,67305,2 7 10 2,2 17 10 5
46,10,known,1,1,0.000011,4,,67305,2 7 10 2,2 7 10 2
47,10,brute,0,0,0.048297,130321,1004,94117,16 11 0 2,4 1 0 11
47,10,columns,0,0,0.000172,108,,94117,16 11 0 2,7 22 0 15
47,10,known,1,1,0.000012,4,,94117,16 11 0 2,16 11 0 2
48,10,brute,0,0,0.051180,130321,5496,531939,11 3 9 13,6 11 3 10
48,10,columns,0,0,0.000182,108,,531939,11 3 9 13,6 21 3 13
48,10,known,1,1,0.000011,4,,531939,11 3 9 13,11 3 9 13
49,10,brute,0,0,0.051728,130321,25185,424420,12 9 5 6,14 10 9 11
49,10,columns,0,0,0.000177,108,,424420,12 9 5 6,21 22 23 11
49,10,known,1,1,0.000010,4,,424420,12 9 5 6,12 9 5 6
50,10,brute,0,0,0.048399,130321,35,452688,2 4 13 4,17 4 12 4
50,10,columns,0,0,0.000174,108,,452688,2 4 13 4,17 9 26 4
50,10,known,1,1,0.000011,4,,452688,2 4 13 4,2 4 13 4
51,10,brute,0,0,0.049117,130321,66,141371,8 7 3 4,8 3 2 15
51,10,columns,0,0,0.000168,108,,141371,8 7 3 4,23 3 3 19
51,10,known,1,1,0.000011,4,,141371,8 7 3 4,8 7 3 4
52,10,brute,0,0,0.051948,130321,96,518591,6 1 14 6,6 12 9 14
52,10,columns,0,0,0.000177,108,,518591,6 1 14 6,21 1 13 14
52,10,known,1,1,0.000012,4,,518591,6 1 14 6,6 1 14 6
53,10,brute,0,0,0.049733,130321,49,161381,13 7 12 11,13 7 12 3
53,10,columns,0,0,0.000181,108,,161381,13 7 12 11,13 7 12 24
53,10,known,1,1,0.000011,4,,161381,13 7 12 11,13 7 12 11
54,10,brute,0,0,0.054741,130321,2338,448132,8 6 14 15,15 7 17 15
54,10,columns,0,0,0.000166,108,,448132,8 6 14 15,0 10 21 20
54,10,known,1,1,0.000011,4,,448132,8 6 14 15,8 6 14 15
55,10,brute,0,0,0.075771,130321,89,165586,4 8 4 4,12 8 10 16
55,10,columns,0,0,0.000501,108,,165586,4 8 4 4,12 21 14 4
55,10,known,1,1,0.000015,4,,165586,4 8 4 4,4 8 4 4
56,10,brute,0,0,0.064823,130321,394,436831,9 7 0 4,14 8 0 3
56,10,columns,0,0,0.000277,108,,436831,9 7 0 4,14 8 12 17
56,10,known,1,1,0.000016,4,,436831,9 7 0 4,9 7 0 4
57,10,brute,0,0,0.065638,130321,909,452060,5 4 0 12,13 4 12 8
57,10,columns,0,0,0.000465,108,,452060,5 4 0 12,13 4 22 20
57,10,known,1,1,0.000015,4,,452060,5 4 0 12,5 4 0 12
58,10,brute,0,0,0.071944,130321,6599,294968,15 7 3 9,5 11 10 9
58,10,columns,0,0,0.000304,108,,294968,15 7 3 9,12 19 15 8
58,10,known,1,1,0.000014,4,,294968,15 7 3 9,15 7 3 9
59,10,brute,0,0,0.074698,130321,251,529630,9 12 13 16,8 12 11 4
59,10,columns,0,0,0.000328,108,,529630,9 12 13 16,26 12 26 16
59,10,known,1,1,0.000018,4,,529630,9 12 13 16,9 12 13 16
60,10,brute,0,0,0.062189,130321,49,664984,17 5 8 3,6 0 4 3
60,10,columns,0,0,0.000362,108,,664984,17 5 8 3,6 19 12 3
60,10,known,1,1,0.000019,4,,664984,17 5 8 3,17 5 8 3
61,10,brute,0,0,0.064731,130321,12,556860,8 8 10 1,18 8 2 16
61,10,columns,0,0,0.000306,108,,556860,8 8 10 1,22 8 10 21
61,10,known,1,1,0.000016,4,,556860,8 8 10 1,8 8 10 1
62,10,brute,0,0,0.066082,130321,5867,71011,4 12 7 13,17 3 7 9
62,10,columns,0,0,0.000279,108,,71011,4 12 7 13,17 25 25 8
62,10,known,1,1,0.000016,4,,71011,4 12 7 13,4 12 7 13
63,10,brute,0,0,0.062013,130321,751,383423,9 12 3 5,17 3 6 5
63,10,columns,0,0,0.000260,108,,383423,9 12 3 5,9 3 6 13
63,10,known,1,1,0.000017,4,,383423,9 12 3 5,9 12 3 5
64,10,brute,0,0,0.075889,130321,100,508093,8 14 10 14,15 7 2 10
64,10,columns,0,0,0.000291,108,,508093,8 14 10 14,15 7 10 15
64,10,known,1,1,0.000015,4,,508093,8 14 10 14,8 14 10 14
65,10,brute,0,0,0.062572,130321,21,680082,9 3 9 7,9 7 9 7
65,10,columns,0,0,0.000301,108,,680082,9 3 9 7,9 26 22 12
65,10,known,1,1,0.000017,4,,680082,9 3 9 7,9 3 9 7
66,10,brute,0,0,0.068308,130321,15,584955,12 7 5 4,12 7 13 13
66,10,columns,0,0,0.000276,108,,584955,12 7 5 4,12 21 25 17
66,10,known,1,1,0.000019,4,,584955,12 7 5 4,12 7 5 4
67,10,brute,0,0,0.072492,130321,156,445471,3 8 4 5,10 8 4 13
67,10,columns,0,0,0.000266,108,,445471,3 8 4 5,10 8 24 5
67,10,known,1,1,0.000014,4,,445471,3 8 4 5,3 8 4 5
68,10,brute,0,0,0.061383,130321,5321,447629,12 5 6 11,13 11 6 14
68,10,columns,0,0,0.000269,108,,447629,12 5 6 11,12 12 6 14
68,10,known,1,1,0.000014,4,,447629,12 5 6 11,12 5 6 11
69,10,brute,0,0,0.073757,130321,8486,139502,4 14 9 1,3 16 10 11
69,10,columns,0,0,0.000307,108,,139502,4 14 9 1,11 16 10 4
69,10,known,1,1,0.000017,4,,139502,4 14 9 1,4 14 9 1
70,10,brute,0,0,0.069594,130321,153,511382,5 11 6 15,5 3 6 0
70,10,columns,0,0,0.000308,108,,511382,5 11 6 15,5 3 11 26
70,10,known,1,1,0.000015,4,,511382,5 11 6 15,5 11 6 15
71,10,brute,0,0,0.068921,130321,149,562308,8 5 5 12,8 4 5 11
71,10,columns,0,0,0.000303,108,,562308,8 5 5 12,8 18 10 26
71,10,known,1,1,0.000017,4,,562308,8 5 5 12,8 5 5 12
72,10,brute,0,0,0.070014,130321,106,80326,6 10 7 12,2 10 0 12
72,10,columns,0,0,0.000291,108,,80326,6 10 7 12,6 22 0 12
72,10,known,1,1,0.000015,4,,80326,6 10 7 12,6 10 7 12
73,10,brute,0,0,0.067779,130321,413,409780,2 8 6 12,18 8 5 4
73,10,columns,0,0,0.000268,108,,409780,2 8 6 12,6 8 6 4
73,10,known,1,1,0.000014,4,,409780,2 8 6 12,2 8 6 12
74,10,brute,0,0,0.064828,130321,13,169188,11 6 5 8,6 16 5 15
74,10,columns,0,0,0.000289,108,,169188,11 6 5 8,2 16 5 23
74,10,known,1,1,0.000015,4,,169188,11 6 5 8,11 6 5 8
75,10,brute,0,0,0.071578,130321,930,152243,6 12 4 12,1 8 4 13
75,10,columns,0,0,0.000307,108,,152243,6 12 4 12,1 24 2 12
75,10,known,1,1,0.000015,4,,152243,6 12 4 12,6 12 4 12
76,10,brute,0,0,0.061461,130321,2602,243217,11 14 5 4,11 7 1 3
76,10,columns,0,0,0.000283,108,,243217,11 14 5 4,11 7 10 2
76,10,known,1,1,0.000017,4,,243217,11 14 5 4,11 14 5 4
77,10,brute,0,0,0.061142,130321,109,489483,5 9 12 8,18 12 0 3
77,10,columns,0,0,0.000185,108,,489483,5 9 12 8,18 12 26 21
77,10,known,1,1,0.000011,4,,489483,5 9 12 8,5 9 12 8
78,10,brute,0,0,0.060282,130321,515,495092,12 8 2 2,3 0 2 17
78,10,columns,0,0,0.000309,108,,495092,12 8 2 2,3 0 3 15
78,10,known,1,1,0.000017,4,,495092,12 8 2 2,12 8 2 2
79,10,brute,0,0,0.076247,130321,3277,448789,4 17 11 6,0 17 17 16
79,10,columns,0,0,0.000290,108,,448789,4 17 11 6,3 17 26 21
79,10,known,1,1,0.000017,4,,448789,4 17 11 6,4 17 11 6
80,10,brute,0,0,0.074130,130321,718,1056,8 1 13 4,18 15 13 4
80,10,columns,0,0,0.000368,108,,1056,8 1 13 4,21 0 25 4
80,10,known,1,1,0.000017,4,,1056,8 1 13 4,8 1 13 4
81,10,brute,0,0,0.060772,130321,4545,681217,8 18 3 12,14 0 2 17
81,10,columns,0,0,0.000435,108,,681217,8 18 3 12,22 18 17 17
81,10,known,1,1,0.000016,4,,681217,8 18 3 12,8 18 3 12
82,10,brute,0,0,0.068095,130321,265,87189,11 7 6 7,7 17 6 7
82,10,columns,0,0,0.000266,108,,87189,11 7 6 7,21 17 6 0
82,10,known,1,1,0.000015,4,,87189,11 7 6 7,11 7 6 7
83,10,brute,0,0,0.063403,130321,1374,558024,4 0 4 14,3 0 18 7
83,10,columns,0,0,0.000267,108,,558024,4 0 4 14,3 0 18 17
83,10,known,1,1,0.000014,4,,558024,4 0 4 14,4 0 4 14
84,10,brute,0,0,0.067425,130321,60556,216301,9 0 11 4,17 0 17 4
84,10,columns,0,0,0.000290,108,,216301,9 0 11 4,6 4 17 12
84,10,known,1,1,0.000030,4,,216301,9 0 11 4,9 0 11 4
85,10,brute,0,0,0.061930,130321,221,609065,7 11 11 12,12 6 10 0
85,10,columns,0,0,0.000291,108,,609065,7 11 11 12,7 11 18 21
85,10,known,1,1,0.000016,4,,609065,7 11 11 12,7 11 11 12
86,10,brute,0,0,0.062002,130321,33,553323,3 11 7 13,16 10 8 14
86,10,columns,0,0,0.000326,108,,553323,3 11 7 13,2 10 8 25
86,10,known,1,1,0.000017,4,,553323,3 11 7 13,3 11 7 13
87,10,brute,0,0,0.064241,130321,5599,459621,17 11 13 6,17 3 17 18
87,10,columns,0,0,0.000306,108,,459621,17 11 13 6,24 23 17 18
87,10,known,1,1,0.000016,4,,459621,17 11 13 6,17 11 13 6
88,10,brute,0,0,0.067049,130321,952,190387,5 2 3 3,5 2 13 18
88,10,columns,0,0,0.000272,108,,190387,5 2 3 3,5 22 23 3
88,10,known,1,1,0.000015,4,,190387,5 2 3 3,5 2 3 3
89,10,brute,0,0,0.079800,130321,185,8315,7 5 12 9,11 5 8 9
89,10,columns,0,0,0.000273,108,,8315,7 5 12 9,11 5 11 9
89,10,known,1,1,0.000015,4,,8315,7 5 12 9,7 5 12 9
90,10,brute,0,0,0.081914,130321,459,254318,0 8 8 5,0 15 9 13
90,10,columns,0,0,0.000293,108,,254318,0 8 8 5,0 15 0 5
90,10,known,1,1,0.000016,4,,254318,0 8 8 5,0 8 8 5
91,10,brute,0,0,0.073179,130321,4363,394773,0 13 9 12,18 2 9 12
91,10,columns,0,0,0.000314,108,,394773,0 13 9 12,13 2 23 25
91,10,known,1,1,0.000016,4,,394773,0 13 9 12,0 13 9 12
92,10,brute,0,0,0.072071,130321,38,258881,8 17 5 7,12 17 5 7
92,10,columns,1,1,0.000267,108,,258881,8 17 5 7,8 17 5 7
92,10,known,1,1,0.000014,4,,258881,8 17 5 7,8 17 5 7
93,10,brute,0,0,0.062038,130321,114,116126,13 8 8 12,13 9 8 12
93,10,columns,0,0,0.000521,108,,116126,13 8 8 12,1 9 8 26
93,10,known,1,1,0.000015,4,,116126,13 8 8 12,13 8 8 12
94,10,brute,0,0,0.068423,130321,311,306636,12 10 5 12,0 10 18 3
94,10,columns,0,0,0.000294,108,,306636,12 10 5 12,0 23 23 19
94,10,known,1,1,0.000015,4,,306636,12 10 5 12,12 10 5 12
95,10,brute,0,0,0.079185,130321,5030,420889,5 9 17 17,12 4 5 16
95,10,columns,0,0,0.000294,108,,420889,5 9 17 17,12 17 0 20
95,10,known,1,1,0.000016,4,,420889,5 9 17 17,5 9 17 17
96,10,brute,0,0,0.071363,130321,2269,201050,18 15 10 10,8 6 5 11
96,10,columns,0,0,0.000960,108,,201050,18 15 10 10,18 15 10 12
96,10,known,1,1,0.000017,4,,201050,18 15 10 10,18 15 10 10
97,10,brute,0,0,0.064566,130321,1134,154438,9 14 7 10,9 18 0 7
97,10,columns,0,0,0.000309,108,,154438,9 14 7 10,9 18 0 26
97,10,known,1,1,0.000015,4,,154438,9 14 7 10,9 14 7 10
98,10,brute,0,0,0.061691,130321,2586,357980,6 14 11 9,5 14 7 16
98,10,columns,0,0,0.000291,108,,357980,6 14 11 9,13 14 25 24
98,10,known,1,1,0.000014,4,,357980,6 14 11 9,6 14 11 9
99,10,brute,0,0,0.064122,130321,251,226252,1 5 7 13,6 5 9 13
99,10,columns,0,0,0.000252,108,,226252,1 5 7 13,8 5 0 13
99,10,known,1,1,0.000014,4,,226252,1 5 7 13,1 5 7 13
100,10,brute,0,0,0.062520,130321,10921,319802,5 10 9 16,14 17 9 3
100,10,columns,0,0,0.000299,108,,319802,5 10 9 16,18 17 9 25
100,10,known,1,1,0.000015,4,,319802,5 10 9 16,5 10 9 16
101,10,brute,0,0,0.068252,130321,177,635449,8 10 8 3,8 18 13 2
101,10,columns,0,0,0.000504,108,,635449,8 10 8 3,8 10 4 11
101,10,known,1,1,0.000016,4,,635449,8 10 8 3,8 10 8 3
102,10,brute,0,0,0.075750,130321,10580,240131,6 12 14 9,1 13 5 16
102,10,columns,0,0,0.000289,108,,240131,6 12 14 9,14 24 5 24
102,10,known,1,1,0.000016,4,,240131,6 12 14 9,6 12 14 9
103,10,brute,0,0,0.061109,130321,208,232827,9 10 11 2,18 10 12 8
103,10,columns,0,0,0.000293,108,,232827,9 10 11 2,9 10 6 8
103,10,known,1,1,0.000020,4,,232827,9 10 11 2,9 10 11 2
104,10,brute,0,0,0.059173,130321,708,69744,1 6 16 15,1 6 8 9
104,10,columns,0,0,0.000182,108,,69744,1 6 16 15,10 6 1 23
104,10,known,1,1,0.000011,4,,69744,1 6 16 15,1 6 16 15
105,10,brute,0,0,0.067688,130321,544,32607,13 5 8 11,8 0 8 11
105,10,columns,0,0,0.000358,108,,32607,13 5 8 11,22 0 8 11
105,10,known,1,1,0.000016,4,,32607,13 5 8 11,13 5 8 11
106,10,brute,0,0,0.051854,130321,2244,112118,9 10 7 10,12 0 6 10
106,10,columns,0,0,0.000165,108,,112118,9 10 7 10,24 3 25 18
106,10,known,1,1,0.000011,4,,112118,9 10 7 10,9 10 7 10
107,10,brute,0,0,0.076289,130321,2327,657565,11 0 14 16,11 15 10 14
107,10,columns,0,0,0.000461,108,,657565,11 0 14 16,24 15 14 2
107,10,known,1,1,0.000017,4,,657565,11 0 14 16,11 0 14 16
108,10,brute,0,0,0.067967,130321,47,67688,15 13 8 6,8 9 8 6
108,10,columns,0,0,0.000286,108,,67688,15 13 8 6,8 13 19 6
108,10,known,1,1,0.000016,4,,67688,15 13 8 6,15 13 8 6
109,10,brute,0,0,0.070542,130321,474,518982,11 13 8 8,12 12 7 8
109,10,columns,0,0,0.000337,108,,518982,11 13 8 8,12 12 12 8
109,10,known,1,1,0.000018,4,,518982,11 13 8 8,11 13 8 8
110,10,brute,0,0,0.067364,130321,527,185209,13 15 6 12,1 0 13 12
110,10,columns,0,0,0.000207,108,,185209,13 15 6 12,13 0 13 12
110,10,known,1,1,0.000011,4,,185209,13 15 6 12,13 15 6 12
111,10,brute,0,0,0.049971,130321,2319,120246,13 14 7 4,13 0 2 8
111,10,columns,0,0,0.000183,108,,120246,13 14 7 4,13 0 2 15
111,10,known,1,1,0.000011,4,,120246,13 14 7 4,13 14 7 4
112,10,brute,0,0,0.051268,130321,26574,133694,8 4 2 9,1 11 16 11
112,10,columns,0,0,0.000171,108,,133694,8 4 2 9,1 26 7 3
112,10,known,1,1,0.000011,4,,133694,8 4 2 9,8 4 2 9
113,10,brute,0,0,0.053700,130321,80,6706,1 11 8 1,14 11 8 14
113,10,columns,0,0,0.000181,108,,6706,1 11 8 1,13 23 17 14
113,10,known,1,1,0.000010,4,,6706,1 11 8 1,1 11 8 1
114,10,brute,0,0,0.057292,130321,628,646630,5 4 4 13,2 4 9 13
114,10,columns,0,0,0.000189,108,,646630,5 4 4 13,2 4 18 13
114,10,known,1,1,0.000014,4,,646630,5 4 4 13,5 4 4 13
115,10,brute,0,0,0.053063,130321,3160,639307,5 10 9 7,10 16 12 7
115,10,columns,0,0,0.000181,108,,639307,5 10 9 7,10 11 3 7
115,10,known,1,1,0.000012,4,,639307,5 10 9 7,5 10 9 7
116,10,brute,0,0,0.054004,130321,3275,80233,7 7 15 9,14 15 15 7
116,10,columns,0,0,0.000191,108,,80233,7 7 15 9,26 15 2 11
116,10,known,1,1,0.000011,4,,80233,7 7 15 9,7 7 15 9
117,10,brute,0,0,0.054523,130321,1395,273179,15 10 9 7,15 18 2 7
117,10,columns,0,0,0.000224,108,,273179,15 10 9 7,23 10 17 7
117,10,known,1,1,0.000011,4,,273179,15 10 9 7,15 10 9 7
118,10,brute,0,0,0.053019,130321,27,405042,9 12 10 17,2 12 10 3
118,10,columns,0,0,0.000181,108,,405042,9 12 10 17,2 12 23 3
118,10,known,1,1,0.000010,4,,405042,9 12 10 17,9 12 10 17
119,10,brute,0,0,0.052707,130321,260,360933,11 9 8 7,11 6 8 5
119,10,columns,0,0,0.000178,108,,360933,11 9 8 7,12 6 8 5
119,10,known,1,1,0.000012,4,,360933,11 9 8 7,11 9 8 7
120,10,brute,0,0,0.048868,130321,224,164701,7 17 9 3,7 13 3 3
120,10,columns,0,0,0.000171,108,,164701,7 17 9 3,7 25 12 8
120,10,known,1,1,0.000010,4,,164701,7 17 9 3,7 17 9 3
121,10,brute,0,0,0.050613,130321,2930,471604,14 11 1 8,3 15 8 4
121,10,columns,0,0,0.000182,108,,471604,14 11 1 8,3 23 8 8
121,10,known,1,1,0.000010,4,,471604,14 11 1 8,14 11 1 8
122,10,brute,0,0,0.054159,130321,1079,358117,7 9 10 9,2 17 18 13
122,10,columns,0,0,0.000226,108,,358117,7 9 10 9,14 24 18 0
122,10,known,1,1,0.000011,4,,358117,7 9 10 9,7 9 10 9
123,10,brute,0,0,0.050127,130321,194,69343,3 11 4 9,3 1 17 15
123,10,columns,0,0,0.000176,108,,69343,3 11 4 9,3 14 22 22
123,10,known,1,1,0.000011,4,,69343,3 11 4 9,3 11 4 9
124,10,brute,0,0,0.055209,130321,209,637969,9 11 13 18,10 2 12 7
124,10,columns,0,0,0.000197,108,,637969,9 11 13 18,10 11 0 11
124,10,known,1,1,0.000011,4,,637969,9 11 13 18,9 11 13 18
125,10,brute,0,0,0.052062,130321,3253,14086,2 8 14 15,18 3 12 14
125,10,columns,0,0,0.000179,108,,14086,2 8 14 15,18 3 24 15
125,10,known,1,1,0.000011,4,,14086,2 8 14 15,2 8 14 15
126,10,brute,0,0,0.050546,130321,363,551432,9 9 12 15,9 8 6 12
126,10,columns,0,0,0.000188,108,,551432,9 9 12 15,9 1 20 20
126,10,known,1,1,0.000011,4,,551432,9 9 12 15,9 9 12 15
127,10,brute,0,0,0.054007,130321,27,132977,6 8 3 6,6 8 2 2
127,10,columns,0,0,0.000175,108,,132977,6 8 3 6,6 8 24 2
127,10,known,1,1,0.000010,4,,132977,6 8 3 6,6 8 3 6
128,10,brute,0,0,0.054465,130321,311,338599,12 9 7 16,5 17 7 10
128,10,columns,0,0,0.000237,108,,338599,12 9 7 16,25 9 7 24
128,10,known,1,1,0.000010,4,,338599,12 9 7 16,12 9 7 16
129,10,brute,0,0,0.058623,130321,11757,256175,10 11 9 4,10 4 16 0
129,10,columns,0,0,0.000171,108,,256175,10 11 9 4,10 16 4 8
129,10,known,1,1,0.000011,4,,256175,10 11 9 4,10 11 9 4
130,10,brute,0,0,0.054650,130321,273,373266,8 12 11 7,3 8 6 7
130,10,columns,0,0,0.000184,108,,373266,8 12 11 7,24 20 20 7
130,10,known,1,1,0.000011,4,,373266,8 12 11 7,8 12 11 7
131,10,brute,0,0,0.050094,130321,527,360400,16 13 6 5,16 7 6 13
131,10,columns,0,0,0.000176,108,,360400,16 13 6 5,3 7 6 13
131,10,known,1,1,0.000011,4,,360400,16 13 6 5,16 13 6 5
132,10,brute,0,0,0.054590,130321,365,637673,14 12 0 16,11 13 18 2
132,10,columns,0,0,0.000190,108,,637673,14 12 0 16,21 13 18 23
132,10,known,1,1,0.000011,4,,637673,14 12 0 16,14 12 0 16
133,10,brute,0,0,0.055902,130321,1739,160311,13 17 6 10,13 16 14 5
133,10,columns,0,0,0.000193,108,,160311,13 17 6 10,20 20 14 5
133,10,known,1,1,0.000012,4,,160311,13 17 6 10,13 17 6 10
134,10,brute,0,0,0.052229,130321,1870,678928,3 5 6 16,16 12 4 7
134,10,columns,0,0,0.000179,108,,678928,3 5 6 16,16 24 4 25
134,10,known,1,1,0.000011,4,,678928,3 5 6 16,3 5 6 16
135,10,brute,0,0,0.051396,130321,16,366874,14 5 1 10,14 5 12 6
135,10,columns,0,0,0.000187,108,,366874,14 5 1 10,23 5 13 10
135,10,known,1,1,0.000011,4,,366874,14 5 1 10,14 5 1 10
136,10,brute,0,0,0.054691,130321,57,404341,8 10 8 10,8 10 8 15
136,10,columns,0,0,0.000271,108,,404341,8 10 8 10,16 15 8 25
136,10,known,1,1,0.000012,4,,404341,8 10 8 10,8 10 8 10
137,10,brute,0,0,0.053663,130321,62,24366,6 6 3 5,11 5 3 5
137,10,columns,0,0,0.000187,108,,24366,6 6 3 5,6 5 3 9
137,10,known,1,1,0.000010,4,,24366,6 6 3 5,6 6 3 5
138,10,brute,0,0,0.054357,130321,182,473523,10 3 14 9,6 3 7 0
138,10,columns,0,0,0.000190,108,,473523,10 3 14 9,6 3 19 0
138,10,known,1,1,0.000011,4,,473523,10 3 14 9,10 3 14 9
139,10,brute,0,0,0.055607,130321,199,600589,3 13 5 4,3 13 5 0
139,10,columns,0,0,0.000177,108,,600589,3 13 5 4,12 5 5 0
139,10,known,1,1,0.000011,4,,600589,3 13 5 4,3 13 5 4
140,10,brute,0,0,0.051588,130321,203,325668,6 17 7 3,15 16 3 3
140,10,columns,0,0,0.000175,108,,325668,6 17 7 3,15 12 21 3
140,10,known,1,1,0.000010,4,,325668,6 17 7 3,6 17 7 3
141,10,brute,0,0,0.054171,130321,1064,144907,8 16 9 8,1 2 5 8
141,10,columns,0,0,0.000173,108,,144907,8 16 9 8,1 16 4 1
141,10,known,1,1,0.000012,4,,144907,8 16 9 8,8 16 9 8
142,10,brute,0,0,0.050247,130321,754,334418,10 11 4 13,1 11 18 3
142,10,columns,0,0,0.000175,108,,334418,10 11 4 13,14 11 19 4
142,10,known,1,1,0.000010,4,,334418,10 11 4 13,10 11 4 13
143,10,brute,0,0,0.054574,130321,15175,79506,10 8 11 7,10 8 3 13
143,10,columns,0,0,0.000166,108,,79506,10 8 11 7,23 8 24 13
143,10,known,1,1,0.000011,4,,79506,10 8 11 7,10 8 11 7
144,10,brute,0,0,0.051182,130321,1098,209573,7 5 8 8,2 0 11 8
144,10,columns,0,0,0.000169,108,,209573,7 5 8 8,2 0 6 20
144,10,known,1,1,0.000010,4,,209573,7 5 8 8,7 5 8 8
145,10,brute,0,0,0.051841,130321,144,49716,6 4 2 5,6 4 11 0
145,10,columns,0,0,0.000175,108,,49716,6 4 2 5,6 5 16 4
145,10,known,1,1,0.000011,4,,49716,6 4 2 5,6 4 2 5
146,10,brute,0,0,0.053172,130321,30203,310092,10 0 4 7,6 0 3 12
146,10,columns,0,0,0.000175,108,,310092,10 0 4 7,6 22 4 12
146,10,known,1,1,0.000011,4,,310092,10 0 4 7,10 0 4 7
147,10,brute,0,0,0.051748,130321,2932,338031,3 8 4 12,13 8 7 8
147,10,columns,0,0,0.000173,108,,338031,3 8 4 12,8 8 0 8
147,10,known,1,1,0.000011,4,,338031,3 8 4 12,3 8 4 12
148,10,brute,0,0,0.048098,130321,15,645721,5 9 9 13,5 9 12 13
148,10,columns,0,0,0.000176,108,,645721,5 9 9 13,5 9 17 22
148,10,known,1,1,0.000011,4,,645721,5 9 9 13,5 9 9 13
149,10,brute,0,0,0.052270,130321,1013,7255,15 3 4 7,15 3 18 16
149,10,columns,0,0,0.000180,108,,7255,15 3 4 7,15 17 23 7
149,10,known,1,1,0.000011,4,,7255,15 3 4 7,15 3 4 7
150,10,brute,0,0,0.054052,130321,158,8070,10 7 7 9,10 7 18 13
150,10,columns,0,0,0.000305,108,,8070,10 7 7 9,18 7 19 13
150,10,known,1,1,0.000013,4,,8070,10 7 7 9,10 7 7 9
151,10,brute,0,0,0.047529,130321,515,215621,5 7 9 4,14 2 9 12
151,10,columns,0,0,0.000161,108,,215621,5 7 9 4,14 2 23 4
151,10,known,1,1,0.000010,4,,215621,5 7 9 4,5 7 9 4
152,10,brute,0,0,0.053045,130321,60,76690,5 13 9 10,5 6 5 9
152,10,columns,0,0,0.000176,108,,76690,5 13 9 10,5 25 23 9
152,10,known,1,1,0.000011,4,,76690,5 13 9 10,5 13 9 10
153,10,brute,0,0,0.050402,130321,15,398496,9 15 4 7,9 15 11 0
153,10,columns,0,0,0.000175,108,,398496,9 15 4 7,9 15 3 15
153,10,known,1,1,0.000012,4,,398496,9 15 4 7,9 15 4 7
154,10,brute,0,0,0.053604,130321,2610,122900,5 6 11 5,5 17 18 16
154,10,columns,0,0,0.000191,108,,122900,5 6 11 5,9 11 18 2
154,10,known,1,1,0.000011,4,,122900,5 6 11 5,5 6 11 5
155,10,brute,0,0,0.052861,130321,787,122178,13 11 13 12,13 11 12 12
155,10,columns,0,0,0.000175,108,,122178,13 11 13 12,21 11 26 12
155,10,known,1,1,0.000010,4,,122178,13 11 13 12,13 11 13 12
156,10,brute,0,0,0.049167,130321,88,124149,13 2 9 12,13 2 2 5
156,10,columns,0,0,0.000177,108,,124149,13 2 9 12,17 2 24 12
156,10,known,1,1,0.000011,4,,124149,13 2 9 12,13 2 9 12
157,10,brute,1,1,0.050803,130321,1,208548,13 3 8 6,13 3 8 6
157,10,columns,0,0,0.000174,108,,208548,13 3 8 6,26 25 8 5
157,10,known,1,1,0.000010,4,,208548,13 3 8 6,13 3 8 6
158,10,brute,0,0,0.049698,130321,74,625613,8 5 9 10,8 9 0 2
158,10,columns,0,0,0.000194,108,,625613,8 5 9 10,23 21 9 2
158,10,known,1,1,0.000012,4,,625613,8 5 9 10,8 5 9 10
159,10,brute,0,0,0.047741,130321,4,403620,4 7 3 11,17 7 11 7
159,10,columns,0,0,0.000172,108,,403620,4 7 3 11,4 7 11 16
159,10,known,1,1,0.000012,4,,403620,4 7 3 11,4 7 3 11
160,10,brute,0,0,0.057128,130321,1882,626313,13 8 13 1,16 9 4 8
160,10,columns,0,0,0.000369,108,,626313,13 8 13 1,20 9 4 8
160,10,known,1,1,0.000020,4,,626313,13 8 13 1,13 8 13 1
161,10,brute,0,0,0.054459,130321,120,72211,1 9 8 12,14 2 17 5
161,10,columns,0,0,0.000188,108,,72211,1 9 8 12,14 2 26 5
161,10,known,1,1,0.000012,4,,72211,1 9 8 12,1 9 8 12
162,10,brute,0,0,0.091641,130321,355,369067,12 6 6 13,0 6 6 14
162,10,columns,0,0,0.000254,108,,369067,12 6 6 13,21 6 24 13
162,10,known,1,1,0.000015,4,,369067,12 6 6 13,12 6 6 13
163,10,brute,0,0,0.080614,130321,258,319877,16 15 5 3,16 11 5 16
163,10,columns,0,0,0.000227,108,,319877,16 15 5 3,25 25 5 16
163,10,known,1,1,0.000016,4,,319877,16 15 5 3,16 15 5 3
164,10,brute,0,0,0.049066,130321,3124,461078,6 3 11 9,10 12 4 9
164,10,columns,0,0,0.000163,108,,461078,6 3 11 9,10 3 4 9
164,10,known,1,1,0.000011,4,,461078,6 3 11 9,6 3 11 9
165,10,brute,0,0,0.047519,130321,19,162343,13 10 12 6,1 9 13 5
165,10,columns,0,0,0.000157,108,,162343,13 10 12 6,1 10 13 6
165,10,known,1,1,0.000011,4,,162343,13 10 12 6,13 10 12 6
166,10,brute,0,0,0.045045,130321,9301,263376,5 12 8 1,17 16 1 14
166,10,columns,0,0,0.000170,108,,263376,5 12 8 1,17 20 4 6
166,10,known,1,1,0.000011,4,,263376,5 12 8 1,5 12 8 1
167,10,brute,0,0,0.050699,130321,39,103192,2 13 3 6,2 14 3 16
167,10,columns,0,0,0.000175,108,,103192,2 13 3 6,2 5 3 26
167,10,known,1,1,0.000011,4,,103192,2 13 3 6,2 13 3 6
168,10,brute,0,0,0.053350,130321,312,419504,14 11 11 7,2 3 18 12
168,10,columns,0,0,0.000181,108,,419504,14 11 11 7,2 11 23 12
168,10,known,1,1,0.000011,4,,419504,14 11 11 7,14 11 11 7
169,10,brute,0,0,0.050149,130321,555,620340,9 3 6 9,13 10 11 9
169,10,columns,0,0,0.000177,108,,620340,9 3 6 9,9 10 11 9
169,10,known,1,1,0.000011,4,,620340,9 3 6 9,9 3 6 9
170,10,brute,0,0,0.052286,130321,1602,397736,0 8 4 6,15 13 4 10
170,10,columns,0,0,0.000171,108,,397736,0 8 4 6,1 8 4 15
170,10,known,1,1,0.000011,4,,397736,0 8 4 6,0 8 4 6
171,10,brute,0,0,0.050296,130321,804,687539,8 4 14 11,5 11 9 11
171,10,columns,0,0,0.000181,108,,687539,8 4 14 11,25 16 18 11
171,10,known,1,1,0.000011,4,,687539,8 4 14 11,8 4 14 11
172,10,brute,0,0,0.053054,130321,10978,116016,17 6 8 11,15 18 13 4
172,10,columns,0,0,0.000344,108,,116016,17 6 8 11,1 18 13 23
172,10,known,1,1,0.000011,4,,116016,17 6 8 11,17 6 8 11
173,10,brute,0,0,0.053509,130321,2437,73810,5 5 5 4,5 12 1 4
173,10,columns,0,0,0.000174,108,,73810,5 5 5 4,5 12 0 12
173,10,known,1,1,0.000010,4,,73810,5 5 5 4,5 5 5 4
174,10,brute,0,0,0.051667,130321,743,518867,6 12 1 18,17 12 4 18
174,10,columns,0,0,0.000286,108,,518867,6 12 1 18,17 12 9 26
174,10,known,1,1,0.000012,4,,518867,6 12 1 18,6 12 1 18
175,10,brute,0,0,0.051966,130321,1519,38146,3 12 10 1,10 5 10 14
175,10,columns,0,0,0.000174,108,,38146,3 12 10 1,10 9 10 15
175,10,known,1,1,0.000011,4,,38146,3 12 10 1,3 12 10 1
176,10,brute,0,0,0.046242,130321,6484,553531,15 8 6 14,14 7 7 9
176,10,columns,0,0,0.000177,108,,553531,15 8 6 14,18 15 7 1
176,10,known,1,1,0.000011,4,,553531,15 8 6 14,15 8 6 14
177,10,brute,0,0,0.052595,130321,425,195425,11 8 6 7,11 3 12 6
177,10,columns,0,0,0.000345,108,,195425,11 8 6 7,11 17 12 7
177,10,known,1,1,0.000011,4,,195425,11 8 6 7,11 8 6 7
178,10,brute,0,0,0.049704,130321,3247,529157,2 7 5 1,2 7 17 12
178,10,columns,0,0,0.000173,108,,529157,2 7 5 1,2 11 17 20
178,10,known,1,1,0.000011,4,,529157,2 7 5 1,2 7 5 1
179,10,brute,0,0,0.051513,130321,4339,562886,9 17 0 8,15 4 14 16
179,10,columns,0,0,0.000300,108,,562886,9 17 0 8,15 4 15 3
179,10,known,1,1,0.000011,4,,562886,9 17 0 8,9 17 0 8
180,10,brute,0,0,0.050120,130321,10,292154,5 16 8 15,17 11 2 2
180,10,columns,0,0,0.000143,108,,292154,5 16 8 15,17 23 2 15
180,10,known,1,1,0.000009,4,,292154,5 16 8 15,5 16 8 15
181,10,brute,0,0,0.048936,130321,29347,411789,15 14 9 10,18 4 16 6
181,10,columns,0,0,0.000182,108,,411789,15 14 9 10,18 4 9 11
181,10,known,1,1,0.000011,4,,411789,15 14 9 10,15 14 9 10
182,10,brute,0,0,0.048083,130321,501,56267,7 12 10 8,7 12 14 3
182,10,columns,0,0,0.000302,108,,56267,7 12 10 8,7 12 14 8
182,10,known,1,1,0.000011,4,,56267,7 12 10 8,7 12 10 8
183,10,brute,0,0,0.052969,130321,277,328113,7 15 10 12,11 15 10 6
183,10,columns,0,0,0.000181,108,,328113,7 15 10 12,19 15 24 1
183,10,known,1,1,0.000011,4,,328113,7 15 10 12,7 15 10 12
184,10,brute,0,0,0.050374,130321,1669,372736,4 11 11 3,16 18 3 12
184,10,columns,0,0,0.000301,108,,372736,4 11 11 3,16 18 6 12
184,10,known,1,1,0.000011,4,,372736,4 11 11 3,4 11 11 3
185,10,brute,0,0,0.052897,130321,1458,681825,8 4 0 5,12 16 15 6
185,10,columns,0,0,0.000187,108,,681825,8 4 0 5,21 16 7 14
185,10,known,1,1,0.000010,4,,681825,8 4 0 5,8 4 0 5
186,10,brute,0,0,0.053511,130321,685,517774,11 2 16 9,6 1 2 3
186,10,columns,0,0,0.000244,108,,517774,11 2 16 9,20 2 2 25
186,10,known,1,1,0.000012,4,,517774,11 2 16 9,11 2 16 9
187,10,brute,0,0,0.050846,130321,124,468156,7 6 14 11,7 0 14 1
187,10,columns,0,0,0.000329,108,,468156,7 6 14 11,7 0 26 2
187,10,known,1,1,0.000011,4,,468156,7 6 14 11,7 6 14 11
188,10,brute,0,0,0.051541,130321,54302,172472,8 11 7 8,8 10 4 0
188,10,columns,0,0,0.000190,108,,172472,8 11 7 8,8 10 11 0
188,10,known,1,1,0.000011,4,,172472,8 11 7 8,8 11 7 8
189,10,brute,0,0,0.052817,130321,1880,154603,10 9 11 6,7 16 10 15
189,10,columns,0,0,0.000315,108,,154603,10 9 11 6,7 19 24 0
189,10,known,1,1,0.000014,4,,154603,10 9 11 6,10 9 11 6
190,10,brute,0,0,0.047885,130321,131,102494,6 5 14 9,2 5 9 9
190,10,columns,0,0,0.000177,108,,102494,6 5 14 9,6 5 21 9
190,10,known,1,1,0.000011,4,,102494,6 5 14 9,6 5 14 9
191,10,brute,0,0,0.052181,130321,2960,371214,8 18 7 2,11 18 2 2
191,10,columns,0,0,0.000177,108,,371214,8 18 7 2,11 26 7 16
191,10,known,1,1,0.000011,4,,371214,8 18 7 2,8 18 7 2
192,10,brute,0,0,0.051643,130321,3562,133304,10 5 11 10,18 1 15 10
192,10,columns,0,0,0.000305,108,,133304,10 5 11 10,18 9 20 15
192,10,known,1,1,0.000011,4,,133304,10 5 11 10,10 5 11 10
193,10,brute,0,0,0.054841,130321,13,384409,2 8 12 6,2 8 12 5
193,10,columns,0,0,0.000181,108,,384409,2 8 12 6,2 19 12 14
193,10,known,1,1,0.000011,4,,384409,2 8 12 6,2 8 12 6
194,10,brute,0,0,0.053583,130321,2453,419523,10 9 7 12,6 8 7 17
194,10,columns,0,0,0.000387,108,,419523,10 9 7 12,22 22 25 17
194,10,known,1,1,0.000018,4,,419523,10 9 7 12,10 9 7 12
195,10,brute,0,0,0.050491,130321,102,529586,10 14 9 6,14 0 9 14
195,10,columns,0,0,0.000186,108,,529586,10 14 9 6,3 14 9 6
195,10,known,1,1,0.000011,4,,529586,10 14 9 6,10 14 9 6
196,10,brute,0,0,0.054743,130321,8036,157348,2 4 8 1,2 5 15 15
196,10,columns,0,0,0.000186,108,,157348,2 4 8 1,2 0 22 20
196,10,known,1,1,0.000011,4,,157348,2 4 8 1,2 4 8 1
197,10,brute,1,1,0.052389,130321,1,212080,6 9 9 1,6 9 9 1
197,10,columns,0,0,0.000266,108,,212080,6 9 9 1,6 22 9 20
197,10,known,1,1,0.000012,4,,212080,6 9 9 1,6 9 9 1
198,10,brute,0,0,0.049726,130321,6,462736,14 11 9 5,14 10 8 13
198,10,columns,0,0,0.000169,108,,462736,14 11 9 5,14 11 24 13
198,10,known,1,1,0.000011,4,,462736,14 11 9 5,14 11 9 5
199,10,brute,0,0,0.049888,130321,86,527370,16 12 2 11,11 12 16 11
199,10,columns,0,0,0.000309,108,,527370,16 12 2 11,26 12 21 11
199,10,known,1,1,0.000011,4,,527370,16 12 2 11,16 12 2 11
0,20,brute,0,0,0.052638,130321,9,74489,3 12 12 7,3 12 9 10
0,20,columns,0,0,0.000199,108,,74489,3 12 12 7,3 12 25 7
0,20,known,1,1,0.000011,4,,74489,3 12 12 7,3 12 12 7
1,20,brute,0,0,0.053597,130321,56,2394,9 8 3 10,9 5 4 10
1,20,columns,0,0,0.000186,108,,2394,9 8 3 10,9 8 4 10
1,20,known,1,1,0.000011,4,,2394,9 8 3 10,9 8 3 10
2,20,brute,0,0,0.053699,130321,254,11090,5 0 7 10,14 0 18 10
2,20,columns,0,0,0.000299,108,,11090,5 0 7 10,15 23 19 10
2,20,known,1,1,0.000010,4,,11090,5 0 7 10,5 0 7 10
3,20,brute,0,0,0.053730,130321,30,663362,13 11 14 5,13 11 13 5
3,20,columns,0,0,0.000180,108,,663362,13 11 14 5,13 12 22 5
3,20,known,1,1,0.000011,4,,663362,13 11 14 5,13 11 14 5
4,20,brute,0,0,0.051931,130321,9,153136,3 7 8 7,4 7 12 7
4,20,columns,0,0,0.000321,108,,153136,3 7 8 7,18 11 8 7
4,20,known,1,1,0.000011,4,,153136,3 7 8 7,3 7 8 7
5,20,brute,0,0,0.055978,130321,28,517231,12 8 18 14,1 8 0 14
5,20,columns,0,0,0.000171,108,,517231,12 8 18 14,23 8 0 19
5,20,known,1,1,0.000011,4,,517231,12 8 18 14,12 8 18 14
6,20,brute,0,0,0.048976,130321,4,550152,9 12 8 6,9 12 7 6
6,20,columns,0,0,0.000184,108,,550152,9 12 8 6,24 12 8 6
6,20,known,1,1,0.000011,4,,550152,9 12 8 6,9 12 8 6
7,20,brute,0,0,0.054409,130321,286,165427,14 6 6 12,8 6 0 12
7,20,columns,0,0,0.000348,108,,165427,14 6 6 12,22 6 11 7
7,20,known,1,1,0.000042,4,,165427,14 6 6 12,14 6 6 12
8,20,brute,0,0,0.056151,130321,387,399667,5 1 5 1,14 1 5 5
8,20,columns,0,0,0.000177,108,,399667,5 1 5 1,18 10 17 5
8,20,known,1,1,0.000011,4,,399667,5 1 5 1,5 1 5 1
9,20,brute,0,0,0.050521,130321,43,408417,9 12 11 11,18 17 11 10
9,20,columns,0,0,0.000316,108,,408417,9 12 11 11,9 17 11 26
9,20,known,1,1,0.000011,4,,408417,9 12 11 11,9 12 11 11
10,20,brute,0,0,0.049255,130321,306,175461,9 12 10 7,9 18 17 2
10,20,columns,0,0,0.000172,108,,175461,9 12 10 7,9 0 24 7
10,20,known,1,1,0.000010,4,,175461,9 12 10 7,9 12 10 7
11,20,brute,0,0,0.052514,130321,21,32854,8 12 5 10,8 7 5 10
11,20,columns,1,1,0.000234,108,,32854,8 12 5 10,8 12 5 10
11,20,known,1,1,0.000012,4,,32854,8 12 5 10,8 12 5 10
12,20,brute,0,0,0.069619,130321,26,449068,8 10 8 15,8 10 12 2
12,20,columns,0,0,0.000489,108,,449068,8 10 8 15,23 10 26 11
12,20,known,1,1,0.000019,4,,449068,8 10 8 15,8 10 8 15
13,20,brute,0,0,0.068757,130321,66,422490,10 8 8 6,10 8 8 10
13,20,columns,0,0,0.000292,108,,422490,10 8 8 6,1 8 8 20
13,20,known,1,1,0.000015,4,,422490,10 8 8 6,10 8 8 6
14,20,brute,0,0,0.063250,130321,14,478926,14 3 7 5,14 15 7 17
14,20,columns,0,0,0.000469,108,,478926,14 3 7 5,14 15 16 17
14,20,known,1,1,0.000015,4,,478926,14 3 7 5,14 3 7 5
15,20,brute,0,0,0.066104,130321,157,617598,7 8 13 11,7 17 18 10
15,20,columns,0,0,0.000307,108,,617598,7 8 13 11,7 21 26 11
15,20,known,1,1,0.000016,4,,617598,7 8 13 11,7 8 13 11
16,20,brute,0,0,0.065225,130321,168,211988,2 16 5 8,2 2 5 0
16,20,columns,0,0,0.000328,108,,211988,2 16 5 8,11 2 5 0
16,20,known,1,1,0.000016,4,,211988,2 16 5 8,2 16 5 8
17,20,brute,0,0,0.059982,130321,1248,388540,9 10 13 9,9 6 5 9
17,20,columns,0,0,0.000435,108,,388540,9 10 13 9,22 10 20 4
17,20,known,1,1,0.000016,4,,388540,9 10 13 9,9 10 13 9
18,20,brute,0,0,0.059875,130321,37,398277,8 4 4 14,3 4 3 2
18,20,columns,0,0,0.000307,108,,398277,8 4 4 14,16 4 4 9
18,20,known,1,1,0.000016,4,,398277,8 4 4 14,8 4 4 14
19,20,brute,0,0,0.060286,130321,16,101958,11 16 4 15,11 16 4 8
19,20,columns,1,1,0.000591,108,,101958,11 16 4 15,11 16 4 15
19,20,known,1,1,0.000015,4,,101958,11 16 4 15,11 16 4 15
20,20,brute,0,0,0.062677,130321,121,685289,6 15 15 6,6 14 15 14
20,20,columns,0,0,0.000295,108,,685289,6 15 15 6,6 26 15 25
20,20,known,1,1,0.000015,4,,685289,6 15 15 6,6 15 15 6
21,20,brute,0,0,0.062280,130321,11,542902,13 6 15 9,13 5 1 9
21,20,columns,0,0,0.000299,108,,542902,13 6 15 9,13 6 1 9
21,20,known,1,1,0.000016,4,,542902,13 6 15 9,13 6 15 9
22,20,brute,0,0,0.060785,130321,41,130991,3 9 2 10,3 16 10 15
22,20,columns,0,0,0.000425,108,,130991,3 9 2 10,3 9 10 15
22,20,known,1,1,0.000017,4,,130991,3 9 2 10,3 9 2 10
23,20,brute,0,0,0.059668,130321,18,644709,10 7 3 9,9 7 3 2
23,20,columns,0,0,0.000265,108,,644709,10 7 3 9,10 7 7 9
23,20,known,1,1,0.000014,4,,644709,10 7 3 9,10 7 3 9
24,20,brute,0,0,0.062402,130321,70,27034,12 10 8 16,12 3 11 2
24,20,columns,0,0,0.000514,108,,27034,12 10 8 16,12 10 22 16
24,20,known,1,1,0.000038,4,,27034,12 10 8 16,12 10 8 16
25,20,brute,0,0,0.066084,130321,71,271584,18 7 10 14,18 7 10 13
25,20,columns,0,0,0.000317,108,,271584,18 7 10 14,18 6 10 6
25,20,known,1,1,0.000015,4,,271584,18 7 10 14,18 7 10 14
26,20,brute,0,0,0.086055,130321,7785,626004,11 4 11 18,2 4 12 3
26,20,columns,0,0,0.000470,108,,626004,11 4 11 18,11 4 24 3
26,20,known,1,1,0.000020,4,,626004,11 4 11 18,11 4 11 18
27,20,brute,0,0,0.136047,130321,11,151150,12 1 14 13,5 9 14 13
27,20,columns,0,0,0.000793,108,,151150,12 1 14 13,12 0 14 26
27,20,known,1,1,0.000034,4,,151150,12 1 14 13,12 1 14 13
28,20,brute,0,0,0.064101,130321,106,453888,7 4 2 6,4 4 1 6
28,20,columns,0,0,0.000271,108,,453888,7 4 2 6,20 4 1 1
28,20,known,1,1,0.000014,4,,453888,7 4 2 6,7 4 2 6
29,20,brute,0,0,0.058627,130321,84,670342,10 4 4 17,10 13 10 17
29,20,columns,0,0,0.000418,108,,670342,10 4 4 17,10 4 3 17
29,20,known,1,1,0.000016,4,,670342,10 4 4 17,10 4 4 17
30,20,brute,0,0,0.061192,130321,24,494527,7 10 7 13,7 11 7 1
30,20,columns,0,0,0.000300,108,,494527,7 10 7 13,7 18 7 1
30,20,known,1,1,0.000017,4,,494527,7 10 7 13,7 10 7 13
31,20,brute,1,1,0.065210,130321,1,622787,15 6 13 3,15 6 13 3
31,20,columns,0,0,0.000489,108,,622787,15 6 13 3,20 20 25 3
31,20,known,1,1,0.000014,4,,622787,15 6 13 3,15 6 13 3
32,20,brute,0,0,0.067702,130321,12,608134,7 13 13 8,7 13 0 8
32,20,columns,0,0,0.000425,108,,608134,7 13 13 8,7 13 13 21
32,20,known,1,1,0.000015,4,,608134,7 13 13 8,7 13 13 8
33,20,brute,0,0,0.078374,130321,11,426956,11 7 5 13,11 7 14 6
33,20,columns,1,1,0.000304,108,,426956,11 7 5 13,11 7 5 13
33,20,known,1,1,0.000016,4,,426956,11 7 5 13,11 7 5 13
34,20,brute,0,0,0.068539,130321,2,53253,1 11 17 2,1 11 17 15
34,20,columns,1,1,0.000420,108,,53253,1 11 17 2,1 11 17 2
34,20,known,1,1,0.000016,4,,53253,1 11 17 2,1 11 17 2
35,20,brute,0,0,0.062121,130321,201,142588,14 3 10 15,1 3 10 9
35,20,columns,0,0,0.000321,108,,142588,14 3 10 15,1 3 22 24
35,20,known,1,1,0.000018,4,,142588,14 3 10 15,14 3 10 15
36,20,brute,0,0,0.068860,130321,1176,221467,8 11 14 8,3 4 14 8
36,20,columns,0,0,0.000287,108,,221467,8 11 14 8,8 24 7 7
36,20,known,1,1,0.000014,4,,221467,8 11 14 8,8 11 14 8
37,20,brute,0,0,0.060725,130321,77,125588,12 13 13 11,0 0 13 11
37,20,columns,0,0,0.000413,108,,125588,12 13 13 11,12 13 5 11
37,20,known,1,1,0.000016,4,,125588,12 13 13 11,12 13 13 11
38,20,brute,0,0,0.067605,130321,11,47287,0 7 8 9,0 7 8 8
38,20,columns,0,0,0.000291,108,,47287,0 7 8 9,0 7 15 8
38,20,known,1,1,0.000016,4,,47287,0 7 8 9,0 7 8 9
39,20,brute,0,0,0.061123,130321,340,543214,9 15 14 7,15 15 9 8
39,20,columns,0,0,0.000419,108,,543214,9 15 14 7,15 15 10 21
39,20,known,1,1,0.000016,4,,543214,9 15 14 7,9 15 14 7
40,20,brute,1,1,0.062313,130321,1,692164,11 3 0 4,11 3 0 4
40,20,columns,0,0,0.000494,108,,692164,11 3 0 4,11 8 0 12
40,20,known,1,1,0.000016,4,,692164,11 3 0 4,11 3 0 4
41,20,brute,0,0,0.065200,130321,86,523853,11 9 6 12,17 9 6 5
41,20,columns,0,0,0.000432,108,,523853,11 9 6 12,26 9 6 20
41,20,known,1,1,0.000016,4,,523853,11 9 6 12,11 9 6 12
42,20,brute,0,0,0.059241,130321,525,222784,11 2 6 18,11 9 9 18
42,20,columns,0,0,0.000346,108,,222784,11 2 6 18,15 2 9 18
42,20,known,1,1,0.000011,4,,222784,11 2 6 18,11 2 6 18
43,20,brute,0,0,0.051835,130321,164,148292,9 14 9 1,5 14 13 8
43,20,columns,0,0,0.000293,108,,148292,9 14 9 1,5 14 1 20
43,20,known,1,1,0.000010,4,,148292,9 14 9 1,9 14 9 1
44,20,brute,0,0,0.057420,130321,500,111456,15 1 8 4,1 14 18 18
44,20,columns,0,0,0.000199,108,,111456,15 1 8 4,0 1 18 26
44,20,known,1,1,0.000011,4,,111456,15 1 8 4,15 1 8 4
45,20,brute,0,0,0.059503,130321,104,196777,15 10 7 8,7 5 7 2
45,20,columns,0,0,0.000658,108,,196777,15 10 7 8,11 5 7 2
45,20,known,1,1,0.000015,4,,196777,15 10 7 8,15 10 7 8
46,20,brute,0,0,0.051330,130321,8,566871,8 9 8 8,8 9 7 8
46,20,columns,1,1,0.000218,108,,566871,8 9 8 8,8 9 8 8
46,20,known,1,1,0.000014,4,,566871,8 9 8 8,8 9 8 8
47,20,brute,0,0,0.049832,130321,3960,621480,3 8 11 8,18 9 11 5
47,20,columns,0,0,0.000337,108,,621480,3 8 11 8,18 9 11 26
47,20,known,1,1,0.000011,4,,621480,3 8 11 8,3 8 11 8
48,20,brute,0,0,0.053825,130321,3528,157910,6 11 0 1,3 15 15 1
48,20,columns,0,0,0.000210,108,,157910,6 11 0 1,20 11 26 9
48,20,known,1,1,0.000014,4,,157910,6 11 0 1,6 11 0 1
49,20,brute,0,0,0.050997,130321,36,337317,8 8 7 9,8 16 7 8
49,20,columns,0,0,0.000345,108,,337317,8 8 7 9,8 8 7 8
49,20,known,1,1,0.000011,4,,337317,8 8 7 9,8 8 7 9
50,20,brute,0,0,0.049191,130321,67,377037,16 10 9 5,16 5 14 1
50,20,columns,0,0,0.000320,108,,377037,16 10 9 5,16 5 9 5
50,20,known,1,1,0.000012,4,,377037,16 10 9 5,16 10 9 5
51,20,brute,0,0,0.051730,130321,7,33258,13 10 7 1,7 10 6 1
51,20,columns,0,0,0.000350,108,,33258,13 10 7 1,17 10 6 1
51,20,known,1,1,0.000010,4,,33258,13 10 7 1,13 10 7 1
52,20,brute,0,0,0.051324,130321,6622,345747,2 10 16 6,1 3 2 11
52,20,columns,0,0,0.000297,108,,345747,2 10 16 6,25 3 24 6
52,20,known,1,1,0.000012,4,,345747,2 10 16 6,2 10 16 6
53,20,brute,1,1,0.049743,130321,1,469034,15 10 8 9,15 10 8 9
53,20,columns,0,0,0.000513,108,,469034,15 10 8 9,24 2 8 9
53,20,known,1,1,0.000040,4,,469034,15 10 8 9,15 10 8 9
54,20,brute,0,0,0.070741,130321,4,471141,11 3 7 5,11 12 7 5
54,20,columns,0,0,0.000426,108,,471141,11 3 7 5,11 3 18 5
54,20,known,1,1,0.000014,4,,471141,11 3 7 5,11 3 7 5
55,20,brute,0,0,0.062460,130321,207,582418,13 16 16 14,13 11 9 14
55,20,columns,0,0,0.000442,108,,582418,13 16 16 14,13 24 12 14
55,20,known,1,1,0.000031,4,,582418,13 16 16 14,13 16 16 14
56,20,brute,0,0,0.081947,130321,11,171799,12 5 8 10,12 4 8 10
56,20,columns,0,0,0.000563,108,,171799,12 5 8 10,25 5 19 10
56,20,known,1,1,0.000018,4,,171799,12 5 8 10,12 5 8 10
57,20,brute,0,0,0.064085,130321,70,535873,17 8 9 1,17 11 9 13
57,20,columns,0,0,0.000268,108,,535873,17 8 9 1,25 23 9 13
57,20,known,1,1,0.000028,4,,535873,17 8 9 1,17 8 9 1
58,20,brute,0,0,0.065307,130321,611,355001,8 13 10 18,16 10 10 18
58,20,columns,0,0,0.000413,108,,355001,8 13 10 18,16 13 10 18
58,20,known,1,1,0.000014,4,,355001,8 13 10 18,8 13 10 18
59,20,brute,0,0,0.071379,130321,126,595536,10 8 6 11,11 3 6 11
59,20,columns,0,0,0.000433,108,,595536,10 8 6 11,23 15 6 11
59,20,known,1,1,0.000015,4,,595536,10 8 6 11,10 8 6 11
60,20,brute,0,0,0.062618,130321,2,590477,9 10 2 9,16 10 2 9
60,20,columns,0,0,0.000421,108,,590477,9 10 2 9,1 10 2 9
60,20,known,1,1,0.000015,4,,590477,9 10 2 9,9 10 2 9
61,20,brute,0,0,0.065001,130321,7,138849,5 12 12 13,5 10 12 13
61,20,columns,0,0,0.000408,108,,138849,5 12 12 13,5 9 12 13
61,20,known,1,1,0.000014,4,,138849,5 12 12 13,5 12 12 13
62,20,brute,1,1,0.066522,130321,1,290547,9 7 10 15,9 7 10 15
62,20,columns,0,0,0.000298,108,,290547,9 7 10 15,26 7 24 15
62,20,known,1,1,0.000016,4,,290547,9 7 10 15,9 7 10 15
63,20,brute,0,0,0.067888,130321,38,225173,11 8 3 13,5 8 10 13
63,20,columns,0,0,0.000423,108,,225173,11 8 3 13,11 8 10 13
63,20,known,1,1,0.000016,4,,225173,11 8 3 13,11 8 3 13
64,20,brute,0,0,0.067228,130321,3741,357050,16 9 12 8,9 6 12 8
64,20,columns,0,0,0.000378,108,,357050,16 9 12 8,21 9 12 8
64,20,known,1,1,0.000014,4,,357050,16 9 12 8,16 9 12 8
65,20,brute,0,0,0.078379,130321,86,614199,7 7 9 1,7 16 9 0
65,20,columns,0,0,0.000550,108,,614199,7 7 9 1,22 16 2 1
65,20,known,1,1,0.000015,4,,614199,7 7 9 1,7 7 9 1
66,20,brute,0,0,0.067403,130321,65,254306,8 13 14 12,8 13 14 16
66,20,columns,1,1,0.000293,108,,254306,8 13 14 12,8 13 14 12
66,20,known,1,1,0.000015,4,,254306,8 13 14 12,8 13 14 12
67,20,brute,0,0,0.074315,130321,9,66059,10 7 7 4,10 7 12 12
67,20,columns,0,0,0.000456,108,,66059,10 7 7 4,10 7 7 19
67,20,known,1,1,0.000017,4,,66059,10 7 7 4,10 7 7 4
68,20,brute,0,0,0.068600,130321,9,493096,12 4 3 9,12 4 4 9
68,20,columns,0,0,0.000407,108,,493096,12 4 3 9,12 18 3 9
68,20,known,1,1,0.000015,4,,493096,12 4 3 9,12 4 3 9
69,20,brute,0,0,0.062525,130321,51,601216,2 5 6 6,2 5 12 9
69,20,columns,0,0,0.000433,108,,601216,2 5 6 6,2 5 20 9
69,20,known,1,1,0.000016,4,,601216,2 5 6 6,2 5 6 6
70,20,brute,0,0,0.069974,130321,7,608793,11 8 9 9,11 8 9 16
70,20,columns,0,0,0.000430,108,,608793,11 8 9 9,11 17 0 24
70,20,known,1,1,0.000015,4,,608793,11 8 9 9,11 8 9 9
71,20,brute,0,0,0.064518,130321,410,148063,11 2 2 18,4 14 16 18
71,20,columns,0,0,0.000305,108,,148063,11 2 2 18,11 15 16 18
71,20,known,1,1,0.000017,4,,148063,11 2 2 18,11 2 2 18
72,20,brute,0,0,0.066205,130321,36,32778,9 2 13 14,1 10 13 14
72,20,columns,1,1,0.000423,108,,32778,9 2 13 14,9 2 13 14
72,20,known,1,1,0.000016,4,,32778,9 2 13 14,9 2 13 14
73,20,brute,1,1,0.066080,130321,1,242248,7 13 3 16,7 13 3 16
73,20,columns,0,0,0.000303,108,,242248,7 13 3 16,22 13 3 16
73,20,known,1,1,0.000017,4,,242248,7 13 3 16,7 13 3 16
74,20,brute,0,0,0.071082,130321,1046,129706,2 10 10 15,2 14 11 2
74,20,columns,0,0,0.000557,108,,129706,2 10 10 15,2 14 11 2
74,20,known,1,1,0.000018,4,,129706,2 10 10 15,2 10 10 15
75,20,brute,0,0,0.065535,130321,26,53153,8 12 15 13,8 7 15 14
75,20,columns,0,0,0.000299,108,,53153,8 12 15 13,8 7 15 21
75,20,known,1,1,0.000014,4,,53153,8 12 15 13,8 12 15 13
76,20,brute,0,0,0.060264,130321,247,537850,9 6 13 10,9 5 13 14
76,20,columns,0,0,0.000327,108,,537850,9 6 13 10,9 5 13 19
76,20,known,1,1,0.000010,4,,537850,9 6 13 10,9 6 13 10
77,20,brute,0,0,0.050132,130321,2595,293877,10 2 14 8,10 10 18 0
77,20,columns,0,0,0.000254,108,,293877,10 2 14 8,25 10 18 15
77,20,known,1,1,0.000011,4,,293877,10 2 14 8,10 2 14 8
78,20,brute,0,0,0.063857,130321,5242,572348,3 5 10 8,12 17 2 11
78,20,columns,0,0,0.000459,108,,572348,3 5 10 8,16 0 10 23
78,20,known,1,1,0.000016,4,,572348,3 5 10 8,3 5 10 8
79,20,brute,0,0,0.058705,130321,8,405229,7 14 0 8,7 7 4 8
79,20,columns,1,1,0.000262,108,,405229,7 14 0 8,7 14 0 8
79,20,known,1,1,0.000012,4,,405229,7 14 0 8,7 14 0 8
80,20,brute,0,0,0.079298,130321,172,427216,9 5 7 15,9 5 13 2
80,20,columns,0,0,0.000309,108,,427216,9 5 7 15,16 5 20 2
80,20,known,1,1,0.000016,4,,427216,9 5 7 15,9 5 7 15
81,20,brute,0,0,0.067711,130321,4105,426876,9 5 7 10,14 5 16 10
81,20,columns,0,0,0.000539,108,,426876,9 5 7 10,14 5 16 3
81,20,known,1,1,0.000015,4,,426876,9 5 7 10,9 5 7 10
82,20,brute,0,0,0.076770,130321,9,134783,13 9 2 9,12 9 7 9
82,20,columns,0,0,0.000294,108,,134783,13 9 2 9,12 9 2 9
82,20,known,1,1,0.000016,4,,134783,13 9 2 9,13 9 2 9
83,20,brute,0,0,0.060522,130321,73,351280,11 18 9 7,11 18 7 3
83,20,columns,0,0,0.000425,108,,351280,11 18 9 7,11 18 22 22
83,20,known,1,1,0.000016,4,,351280,11 18 9 7,11 18 9 7
84,20,brute,0,0,0.061013,130321,213,429093,5 17 6 15,5 8 6 5
84,20,columns,0,0,0.000286,108,,429093,5 17 6 15,5 17 24 15
84,20,known,1,1,0.000016,4,,429093,5 17 6 15,5 17 6 15
85,20,brute,0,0,0.062976,130321,268,323391,17 16 3 15,12 8 14 18
85,20,columns,0,0,0.000384,108,,323391,17 16 3 15,17 3 0 25
85,20,known,1,1,0.000014,4,,323391,17 16 3 15,17 16 3 15
86,20,brute,0,0,0.068527,130321,34,129844,13 13 9 4,12 9 13 4
86,20,columns,0,0,0.000584,108,,129844,13 13 9 4,12 13 13 4
86,20,known,1,1,0.000016,4,,129844,13 13 9 4,13 13 9 4
87,20,brute,0,0,0.069560,130321,217,12785,17 12 13 5,17 12 2 5
87,20,columns,0,0,0.000476,108,,12785,17 12 13 5,17 21 7 4
87,20,known,1,1,0.000015,4,,12785,17 12 13 5,17 12 13 5
88,20,brute,0,0,0.069455,130321,6,580960,3 3 4 8,18 3 4 16
88,20,columns,0,0,0.000436,108,,580960,3 3 4 8,18 3 4 8
88,20,known,1,1,0.000016,4,,580960,3 3 4 8,3 3 4 8
89,20,brute,0,0,0.067190,130321,5932,364685,9 2 4 6,9 1 12 7
89,20,columns,0,0,0.000417,108,,364685,9 2 4 6,9 21 19 6
89,20,known,1,1,0.000021,4,,364685,9 2 4 6,9 2 4 6
90,20,brute,0,0,0.065863,130321,282,554771,10 5 3 9,2 5 0 9
90,20,columns,0,0,0.000421,108,,554771,10 5 3 9,3 5 0 9
90,20,known,1,1,0.000016,4,,554771,10 5 3 9,10 5 3 9
91,20,brute,0,0,0.077537,130321,195,344504,8 10 8 13,8 14 8 13
91,20,columns,0,0,0.000694,108,,344504,8 10 8 13,8 14 8 13
91,20,known,1,1,0.000039,4,,344504,8 10 8 13,8 10 8 13
92,20,brute,0,0,0.065209,130321,6,494086,9 8 8 15,16 7 8 15
92,20,columns,1,1,0.000512,108,,494086,9 8 8 15,9 8 8 15
92,20,known,1,1,0.000015,4,,494086,9 8 8 15,9 8 8 15
93,20,brute,0,0,0.062825,130321,17,455329,9 10 14 12,9 18 6 11
93,20,columns,0,0,0.000336,108,,455329,9 10 14 12,9 18 14 25
93,20,known,1,1,0.000018,4,,455329,9 10 14 12,9 10 14 12
94,20,brute,0,0,0.066326,130321,4,502784,11 5 11 9,11 5 4 0
94,20,columns,0,0,0.000736,108,,502784,11 5 11 9,11 9 11 23
94,20,known,1,1,0.000014,4,,502784,11 5 11 9,11 5 11 9
95,20,brute,0,0,0.067989,130321,15,640800,5 10 5 1,5 10 1 1
95,20,columns,0,0,0.002849,108,,640800,5 10 5 1,5 10 1 1
95,20,known,1,1,0.000017,4,,640800,5 10 5 1,5 10 5 1
96,20,brute,0,0,0.076423,130321,149,118818,8 9 10 10,5 0 14 11
96,20,columns,0,0,0.000446,108,,118818,8 9 10 10,15 0 10 11
96,20,known,1,1,0.000015,4,,118818,8 9 10 10,8 9 10 10
97,20,brute,0,0,0.069033,130321,21,356361,6 5 13 11,2 12 13 11
97,20,columns,0,0,0.000533,108,,356361,6 5 13 11,6 6 13 11
97,20,known,1,1,0.000015,4,,356361,6 5 13 11,6 5 13 11
98,20,brute,1,1,0.071396,130321,1,3055,5 8 10 17,5 8 10 17
98,20,columns,0,0,0.000292,108,,3055,5 8 10 17,5 16 10 17
98,20,known,1,1,0.000015,4,,3055,5 8 10 17,5 8 10 17
99,20,brute,0,0,0.062369,130321,218,461325,8 7 10 11,8 7 11 9
99,20,columns,0,0,0.000401,108,,461325,8 7 10 11,8 7 11 12
99,20,known,1,1,0.000015,4,,461325,8 7 10 11,8 7 10 11
100,20,brute,0,0,0.101300,130321,100,469524,1 5 5 7,1 12 6 16
100,20,columns,0,0,0.000307,108,,469524,1 5 5 7,1 20 6 21
100,20,known,1,1,0.000032,4,,469524,1 5 5 7,1 5 5 7
101,20,brute,0,0,0.110329,130321,19,375008,10 17 10 9,10 5 6 13
101,20,columns,0,0,0.000542,108,,375008,10 17 10 9,10 25 10 13
101,20,known,1,1,0.000019,4,,375008,10 17 10 9,10 17 10 9
102,20,brute,0,0,0.059996,130321,2117,344917,12 11 8 12,12 11 13 5
102,20,columns,0,0,0.000294,108,,344917,12 11 8 12,16 11 22 12
102,20,known,1,1,0.000015,4,,344917,12 11 8 12,12 11 8 12
103,20,brute,0,0,0.064966,130321,41,406399,9 7 9 2,9 14 9 2
103,20,columns,0,0,0.000443,108,,406399,9 7 9 2,9 18 9 2
103,20,known,1,1,0.000015,4,,406399,9 7 9 2,9 7 9 2
104,20,brute,0,0,0.066837,130321,73,499437,17 13 4 11,2 13 4 10
104,20,columns,0,0,0.000421,108,,499437,17 13 4 11,17 13 20 11
104,20,known,1,1,0.000014,4,,499437,17 13 4 11,17 13 4 11
105,20,brute,0,0,0.065609,130321,96,106685,6 10 2 6,6 8 14 1
105,20,columns,0,0,0.000428,108,,106685,6 10 2 6,14 1 14 1
105,20,known,1,1,0.000017,4,,106685,6 10 2 6,6 10 2 6
106,20,brute,0,0,0.070867,130321,16,482206,10 4 2 5,3 4 7 5
106,20,columns,0,0,0.000544,108,,482206,10 4 2 5,15 26 7 5
106,20,known,1,1,0.000016,4,,482206,10 4 2 5,10 4 2 5
107,20,brute,0,0,0.061727,130321,73,564323,10 8 13 5,17 8 13 5
107,20,columns,0,0,0.000261,108,,564323,10 8 13 5,18 8 13 5
107,20,known,1,1,0.000016,4,,564323,10 8 13 5,10 8 13 5
108,20,brute,0,0,0.063794,130321,2,303790,5 5 11 11,5 17 7 11
108,20,columns,0,0,0.000439,108,,303790,5 5 11 11,18 25 11 11
108,20,known,1,1,0.000017,4,,303790,5 5 11 11,5 5 11 11
109,20,brute,0,0,0.078507,130321,42,583409,15 9 9 10,3 9 4 1
109,20,columns,0,0,0.000336,108,,583409,15 9 9 10,15 9 8 19
109,20,known,1,1,0.000015,4,,583409,15 9 9 10,15 9 9 10
110,20,brute,0,0,0.060971,130321,678,648919,8 2 8 6,2 16 15 1
110,20,columns,0,0,0.000423,108,,648919,8 2 8 6,2 2 15 6
110,20,known,1,1,0.000016,4,,648919,8 2 8 6,8 2 8 6
111,20,brute,0,0,0.069336,130321,14,208426,10 8 3 15,17 8 16 15
111,20,columns,0,0,0.000223,108,,208426,10 8 3 15,10 8 16 1
111,20,known,1,1,0.000017,4,,208426,10 8 3 15,10 8 3 15
112,20,brute,0,0,0.071685,130321,42,606044,9 17 6 15,8 17 6 16
112,20,columns,0,0,0.000308,108,,606044,9 17 6 15,3 21 6 16
112,20,known,1,1,0.000020,4,,606044,9 17 6 15,9 17 6 15
113,20,brute,0,0,0.061645,130321,77,102233,5 8 17 10,18 8 17 17
113,20,columns,0,0,0.000221,108,,102233,5 8 17 10,18 8 17 4
113,20,known,1,1,0.000016,4,,102233,5 8 17 10,5 8 17 10
114,20,brute,0,0,0.078643,130321,5740,44599,8 17 18 10,0 11 4 2
114,20,columns,0,0,0.000503,108,,44599,8 17 18 10,0 11 4 10
114,20,known,1,1,0.000016,4,,44599,8 17 18 10,8 17 18 10
115,20,brute,0,0,0.064362,130321,1428,510235,6 14 7 9,6 0 2 12
115,20,columns,0,0,0.000475,108,,510235,6 14 7 9,6 12 2 25
115,20,known,1,1,0.000015,4,,510235,6 14 7 9,6 14 7 9
116,20,brute,1,1,0.075904,130321,1,218063,16 9 10 13,16 9 10 13
116,20,columns,0,0,0.000203,108,,218063,16 9 10 13,21 9 10 13
116,20,known,1,1,0.000014,4,,218063,16 9 10 13,16 9 10 13
117,20,brute,0,0,0.058518,130321,5,158965,6 15 7 9,3 15 2 16
117,20,columns,0,0,0.000339,108,,158965,6 15 7 9,6 15 7 3
117,20,known,1,1,0.000018,4,,158965,6 15 7 9,6 15 7 9
118,20,brute,0,0,0.062729,130321,2,367978,8 11 9 9,12 11 12 14
118,20,columns,0,0,0.000209,108,,367978,8 11 9 9,8 11 10 22
118,20,known,1,1,0.000016,4,,367978,8 11 9 9,8 11 9 9
119,20,brute,0,0,0.073951,130321,193,26868,6 13 1 5,6 13 8 18
119,20,columns,0,0,0.000551,108,,26868,6 13 1 5,6 13 8 5
119,20,known,1,1,0.000016,4,,26868,6 13 1 5,6 13 1 5
120,20,brute,0,0,0.062916,130321,3,541636,15 13 9 13,15 6 9 13
120,20,columns,0,0,0.000439,108,,541636,15 13 9 13,15 6 9 6
120,20,known,1,1,0.000016,4,,541636,15 13 9 13,15 13 9 13
121,20,brute,0,0,0.061814,130321,122,291184,10 9 2 7,2 4 2 7
121,20,columns,0,0,0.000402,108,,291184,10 9 2 7,10 24 2 7
121,20,known,1,1,0.000014,4,,291184,10 9 2 7,10 9 2 7
122,20,brute,0,0,0.061532,130321,11,307838,7 8 8 10,8 1 8 10
122,20,columns,0,0,0.000416,108,,307838,7 8 8 10,8 16 12 10
122,20,known,1,1,0.000016,4,,307838,7 8 8 10,7 8 8 10
123,20,brute,0,0,0.077082,130321,15,651252,17 11 12 10,2 11 12 10
123,20,columns,0,0,0.000206,108,,651252,17 11 12 10,17 25 7 23
123,20,known,1,1,0.000016,4,,651252,17 11 12 10,17 11 12 10
124,20,brute,0,0,0.063493,130321,19,475059,4 10 14 16,3 10 2 16
124,20,columns,0,0,0.000278,108,,475059,4 10 14 16,4 5 22 16
124,20,known,1,1,0.000014,4,,475059,4 10 14 16,4 10 14 16
125,20,brute,0,0,0.066557,130321,2,288931,7 5 2 7,2 5 2 7
125,20,columns,0,0,0.000232,108,,288931,7 5 2 7,7 25 2 11
125,20,known,1,1,0.000018,4,,288931,7 5 2 7,7 5 2 7
126,20,brute,0,0,0.067632,130321,35,420324,10 3 9 7,10 3 8 12
126,20,columns,0,0,0.000716,108,,420324,10 3 9 7,23 3 23 12
126,20,known,1,1,0.000015,4,,420324,10 3 9 7,10 3 9 7
127,20,brute,0,0,0.060447,130321,6,401684,16 11 9 4,15 11 9 4
127,20,columns,0,0,0.000531,108,,401684,16 11 9 4,16 24 9 26
127,20,known,1,1,0.000014,4,,401684,16 11 9 4,16 11 9 4
128,20,brute,0,0,0.071428,130321,10,654861,12 14 3 17,12 7 3 17
128,20,columns,0,0,0.000203,108,,654861,12 14 3 17,12 14 12 17
128,20,known,1,1,0.000015,4,,654861,12 14 3 17,12 14 3 17
129,20,brute,0,0,0.069777,130321,4545,622415,11 11 6 11,17 11 11 11
129,20,columns,0,0,0.000267,108,,622415,11 11 6 11,3 11 11 11
129,20,known,1,1,0.000014,4,,622415,11 11 6 11,11 11 6 11
130,20,brute,1,1,0.061954,130321,1,163629,0 9 8 11,0 9 8 11
130,20,columns,1,1,0.000211,108,,163629,0 9 8 11,0 9 8 11
130,20,known,1,1,0.000016,4,,163629,0 9 8 11,0 9 8 11
131,20,brute,0,0,0.073667,130321,62,87135,7 3 8 4,2 2 8 17
131,20,columns,0,0,0.000439,108,,87135,7 3 8 4,7 3 8 17
131,20,known,1,1,0.000016,4,,87135,7 3 8 4,7 3 8 4
132,20,brute,0,0,0.061624,130321,126,426063,9 18 8 3,4 10 16 16
132,20,columns,0,0,0.000428,108,,426063,9 18 8 3,9 10 16 3
132,20,known,1,1,0.000016,4,,426063,9 18 8 3,9 18 8 3
133,20,brute,0,0,0.063343,130321,16542,674179,6 3 12 2,6 2 5 16
133,20,columns,0,0,0.000400,108,,674179,6 3 12 2,6 2 5 2
133,20,known,1,1,0.000014,4,,674179,6 3 12 2,6 3 12 2
134,20,brute,0,0,0.063296,130321,126,335566,15 12 14 11,2 5 14 11
134,20,columns,0,0,0.000536,108,,335566,15 12 14 11,15 25 14 11
134,20,known,1,1,0.000016,4,,335566,15 12 14 11,15 12 14 11
135,20,brute,0,0,0.067284,130321,15,278173,8 4 9 8,0 18 9 8
135,20,columns,0,0,0.000203,108,,278173,8 4 9 8,8 4 9 14
135,20,known,1,1,0.000014,4,,278173,8 4 9 8,8 4 9 8
136,20,brute,0,0,0.062265,130321,5,387901,10 11 13 10,10 18 13 10
136,20,columns,0,0,0.000284,108,,387901,10 11 13 10,23 18 10 10
136,20,known,1,1,0.000014,4,,387901,10 11 13 10,10 11 13 10
137,20,brute,0,0,0.060595,130321,32,268897,15 3 5 14,9 3 4 14
137,20,columns,0,0,0.000385,108,,268897,15 3 5 14,3 8 5 14
137,20,known,1,1,0.000015,4,,268897,15 3 5 14,15 3 5 14
138,20,brute,0,0,0.062036,130321,23,56449,10 8 5 1,9 8 5 15
138,20,columns,1,1,0.000394,108,,56449,10 8 5 1,10 8 5 1
138,20,known,1,1,0.000014,4,,56449,10 8 5 1,10 8 5 1
139,20,brute,0,0,0.060328,130321,43,139261,9 13 9 15,18 0 9 15
139,20,columns,0,0,0.000408,108,,139261,9 13 9 15,9 13 25 22
139,20,known,1,1,0.000016,4,,139261,9 13 9 15,9 13 9 15
140,20,brute,0,0,0.059942,130321,433,439375,11 7 0 7,4 7 0 3
140,20,columns,0,0,0.000217,108,,439375,11 7 0 7,11 7 0 3
140,20,known,1,1,0.000016,4,,439375,11 7 0 7,11 7 0 7
141,20,brute,0,0,0.062825,130321,632,517132,1 2 2 10,1 16 13 10
141,20,columns,0,0,0.000296,108,,517132,1 2 2 10,13 2 17 10
141,20,known,1,1,0.000014,4,,517132,1 2 2 10,1 2 2 10
142,20,brute,0,0,0.058430,130321,25,331206,1 4 10 14,1 4 3 0
142,20,columns,0,0,0.000286,108,,331206,1 4 10 14,1 4 10 0
142,20,known,1,1,0.000016,4,,331206,1 4 10 14,1 4 10 14
143,20,brute,0,0,0.062038,130321,26,69329,4 3 8 9,4 17 8 0
143,20,columns,0,0,0.000483,108,,69329,4 3 8 9,4 17 20 9
143,20,known,1,1,0.000016,4,,69329,4 3 8 9,4 3 8 9
144,20,brute,0,0,0.060287,130321,2093,635720,7 10 11 6,8 1 2 3
144,20,columns,0,0,0.000397,108,,635720,7 10 11 6,8 23 6 13
144,20,known,1,1,0.000014,4,,635720,7 10 11 6,7 10 11 6
145,20,brute,0,0,0.060548,130321,5,602620,6 14 13 13,11 14 4 13
145,20,columns,0,0,0.000223,108,,602620,6 14 13 13,15 14 13 13
145,20,known,1,1,0.000017,4,,602620,6 14 13 13,6 14 13 13
146,20,brute,0,0,0.060247,130321,7,244760,6 9 5 9,18 9 9 12
146,20,columns,0,0,0.000308,108,,244760,6 9 5 9,18 9 17 9
146,20,known,1,1,0.000016,4,,244760,6 9 5 9,6 9 5 9
147,20,brute,0,0,0.070806,130321,21,272758,9 6 10 6,5 6 10 18
147,20,columns,0,0,0.000203,108,,272758,9 6 10 6,13 6 10 6
147,20,known,1,1,0.000015,4,,272758,9 6 10 6,9 6 10 6
148,20,brute,0,0,0.070619,130321,5,42738,9 5 11 6,5 5 4 6
148,20,columns,0,0,0.000757,108,,42738,9 5 11 6,20 17 11 6
148,20,known,1,1,0.000021,4,,42738,9 5 11 6,9 5 11 6
149,20,brute,0,0,0.158730,130321,231,343111,5 7 1 0,11 7 1 13
149,20,columns,0,0,0.001252,108,,343111,5 7 1 0,11 7 1 13
149,20,known,1,1,0.000015,4,,343111,5 7 1 0,5 7 1 0
150,20,brute,0,0,0.072128,130321,515,24280,2 11 6 4,11 11 13 12
150,20,columns,0,0,0.000438,108,,24280,2 11 6 4,6 11 21 12
150,20,known,1,1,0.000015,4,,24280,2 11 6 4,2 11 6 4
151,20,brute,0,0,0.061165,130321,379,176271,8 9 5 13,8 3 17 12
151,20,columns,0,0,0.000423,108,,176271,8 9 5 13,8 3 5 13
151,20,known,1,1,0.000017,4,,176271,8 9 5 13,8 9 5 13
152,20,brute,0,0,0.070257,130321,174,139986,8 3 16 15,1 3 9 15
152,20,columns,0,0,0.000222,108,,139986,8 3 16 15,1 3 9 15
152,20,known,1,1,0.000016,4,,139986,8 3 16 15,8 3 16 15
153,20,brute,0,0,0.058582,130321,7,255231,15 4 12 8,15 4 5 8
153,20,columns,0,0,0.000203,108,,255231,15 4 12 8,15 3 4 8
153,20,known,1,1,0.000012,4,,255231,15 4 12 8,15 4 12 8
154,20,brute,0,0,0.062958,130321,171,549458,7 4 11 1,11 3 4 2
154,20,columns,0,0,0.000413,108,,549458,7 4 11 1,6 4 19 2
154,20,known,1,1,0.000015,4,,549458,7 4 11 1,7 4 11 1
155,20,brute,0,0,0.064021,130321,40,477176,2 7 4 9,1 7 5 9
155,20,columns,0,0,0.000512,108,,477176,2 7 4 9,1 2 4 9
155,20,known,1,1,0.000019,4,,477176,2 7 4 9,2 7 4 9
156,20,brute,0,0,0.069369,130321,133,408538,9 7 1 11,0 14 0 11
156,20,columns,0,0,0.000394,108,,408538,9 7 1 11,0 14 19 11
156,20,known,1,1,0.000028,4,,408538,9 7 1 11,9 7 1 11
157,20,brute,0,0,0.093369,130321,8530,159650,3 7 2 7,8 14 9 1
157,20,columns,0,0,0.000234,108,,159650,3 7 2 7,21 7 6 1
157,20,known,1,1,0.000017,4,,159650,3 7 2 7,3 7 2 7
158,20,brute,0,0,0.061187,130321,14,469588,9 11 7 8,9 11 4 8
158,20,columns,0,0,0.000260,108,,469588,9 11 7 8,23 11 4 8
158,20,known,1,1,0.000015,4,,469588,9 11 7 8,9 11 7 8
159,20,brute,0,0,0.071959,130321,183,322732,6 8 12 7,5 5 15 7
159,20,columns,0,0,0.000226,108,,322732,6 8 12 7,19 21 0 7
159,20,known,1,1,0.000016,4,,322732,6 8 12 7,6 8 12 7
160,20,brute,0,0,0.064707,130321,907,225925,1 13 11 4,15 13 10 4
160,20,columns,0,0,0.000458,108,,225925,1 13 11 4,19 22 15 4
160,20,known,1,1,0.000017,4,,225925,1 13 11 4,1 13 11 4
161,20,brute,0,0,0.064807,130321,19,379066,14 14 14 16,14 0 10 2
161,20,columns,0,0,0.000555,108,,379066,14 14 14 16,14 23 14 2
161,20,known,1,1,0.000020,4,,379066,14 14 14 16,14 14 14 16
162,20,brute,1,1,0.061457,130321,1,227466,11 15 8 5,11 15 8 5
162,20,columns,1,1,0.000222,108,,227466,11 15 8 5,11 15 8 5
162,20,known,1,1,0.000018,4,,227466,11 15 8 5,11 15 8 5
163,20,brute,0,0,0.061568,130321,26,609997,13 1 11 14,6 1 11 3
163,20,columns,1,1,0.000375,108,,609997,13 1 11 14,13 1 11 14
163,20,known,1,1,0.000015,4,,609997,13 1 11 14,13 1 11 14
164,20,brute,0,0,0.061931,130321,39,413245,6 5 3 8,6 9 3 8
164,20,columns,0,0,0.000171,108,,413245,6 5 3 8,18 24 3 8
164,20,known,1,1,0.000011,4,,413245,6 5 3 8,6 5 3 8
165,20,brute,0,0,0.048826,130321,2,396973,6 4 10 13,6 4 10 1
165,20,columns,0,0,0.000327,108,,396973,6 4 10 13,11 8 10 13
165,20,known,1,1,0.000010,4,,396973,6 4 10 13,6 4 10 13
166,20,brute,0,0,0.053182,130321,5,347998,5 5 8 1,5 5 13 1
166,20,columns,0,0,0.000311,108,,347998,5 5 8 1,17 5 22 1
166,20,known,1,1,0.000011,4,,347998,5 5 8 1,5 5 8 1
167,20,brute,0,0,0.074772,130321,6,264035,7 4 9 6,7 11 9 2
167,20,columns,1,1,0.000531,108,,264035,7 4 9 6,7 4 9 6
167,20,known,1,1,0.000018,4,,264035,7 4 9 6,7 4 9 6
168,20,brute,0,0,0.061890,130321,489,72648,2 4 2 3,2 0 2 7
168,20,columns,0,0,0.000435,108,,72648,2 4 2 3,15 0 2 8
168,20,known,1,1,0.000018,4,,72648,2 4 2 3,2 4 2 3
169,20,brute,0,0,0.071179,130321,80,27838,8 13 2 8,18 18 15 8
169,20,columns,0,0,0.000254,108,,27838,8 13 2 8,23 26 2 8
169,20,known,1,1,0.000015,4,,27838,8 13 2 8,8 13 2 8
170,20,brute,0,0,0.065145,130321,49,523852,12 3 11 16,5 9 11 16
170,20,columns,0,0,0.000302,108,,523852,12 3 11 16,12 18 11 16
170,20,known,1,1,0.000019,4,,523852,12 3 11 16,12 3 11 16
171,20,brute,0,0,0.061536,130321,98,440733,10 9 5 3,10 2 17 17
171,20,columns,0,0,0.000572,108,,440733,10 9 5 3,23 9 12 17
171,20,known,1,1,0.000017,4,,440733,10 9 5 3,10 9 5 3
172,20,brute,0,0,0.062463,130321,7,276296,3 9 3 13,12 9 15 13
172,20,columns,0,0,0.000451,108,,276296,3 9 3 13,25 9 3 13
172,20,known,1,1,0.000016,4,,276296,3 9 3 13,3 9 3 13
173,20,brute,0,0,0.076345,130321,18,37803,9 2 2 15,16 11 1 15
173,20,columns,0,0,0.000434,108,,37803,9 2 2 15,9 11 23 15
173,20,known,1,1,0.000017,4,,37803,9 2 2 15,9 2 2 15
174,20,brute,0,0,0.067518,130321,51,459544,10 9 5 9,6 9 5 9
174,20,columns,0,0,0.000205,108,,459544,10 9 5 9,13 9 5 9
174,20,known,1,1,0.000015,4,,459544,10 9 5 9,10 9 5 9
175,20,brute,0,0,0.057392,130321,34,45207,11 12 7 9,17 12 7 9
175,20,columns,0,0,0.000883,108,,45207,11 12 7 9,18 3 15 9
175,20,known,1,1,0.000012,4,,45207,11 12 7 9,11 12 7 9
176,20,brute,0,0,0.070208,130321,4,530351,9 7 9 12,2 17 9 12
176,20,columns,0,0,0.000207,108,,530351,9 7 9 12,9 14 9 12
176,20,known,1,1,0.000016,4,,530351,9 7 9 12,9 7 9 12
177,20,brute,0,0,0.060830,130321,36,317754,10 15 8 9,14 2 8 10
177,20,columns,0,0,0.000529,108,,317754,10 15 8 9,15 15 8 25
177,20,known,1,1,0.000015,4,,317754,10 15 8 9,10 15 8 9
178,20,brute,0,0,0.069117,130321,8,508584,3 4 12 11,3 18 4 11
178,20,columns,0,0,0.000394,108,,508584,3 4 12 11,3 4 11 11
178,20,known,1,1,0.000014,4,,508584,3 4 12 11,3 4 12 11
179,20,brute,0,0,0.063953,130321,121,59740,10 8 10 6,15 4 14 18
179,20,columns,0,0,0.000428,108,,59740,10 8 10 6,14 1 10 18
179,20,known,1,1,0.000015,4,,59740,10 8 10 6,10 8 10 6
180,20,brute,0,0,0.065386,130321,2,179094,8 6 0 2,8 6 13 2
180,20,columns,0,0,0.000302,108,,179094,8 6 0 2,24 16 13 2
180,20,known,1,1,0.000013,4,,179094,8 6 0 2,8 6 0 2
181,20,brute,0,0,0.076929,130321,210,206134,13 10 9 13,13 10 9 6
181,20,columns,0,0,0.000202,108,,206134,13 10 9 13,13 10 9 20
181,20,known,1,1,0.000015,4,,206134,13 10 9 13,13 10 9 13
182,20,brute,0,0,0.060562,130321,1572,409458,8 10 8 17,8 10 8 2
182,20,columns,0,0,0.000498,108,,409458,8 10 8 17,8 23 8 2
182,20,known,1,1,0.000016,4,,409458,8 10 8 17,8 10 8 17
183,20,brute,0,0,0.056308,130321,100,665691,13 4 7 11,9 4 7 18
183,20,columns,0,0,0.000339,108,,665691,13 4 7 11,13 3 7 11
183,20,known,1,1,0.000011,4,,665691,13 4 7 11,13 4 7 11
184,20,brute,0,0,0.061468,130321,17,377363,10 3 14 11,11 17 14 11
184,20,columns,0,0,0.000431,108,,377363,10 3 14 11,10 17 14 11
184,20,known,1,1,0.000016,4,,377363,10 3 14 11,10 3 14 11
185,20,brute,0,0,0.063879,130321,1650,187048,7 4 10 4,3 8 7 4
185,20,columns,0,0,0.000427,108,,187048,7 4 10 4,18 8 7 4
185,20,known,1,1,0.000016,4,,187048,7 4 10 4,7 4 10 4
186,20,brute,0,0,0.062402,130321,6,77618,12 6 6 7,12 5 6 6
186,20,columns,0,0,0.000217,108,,77618,12 6 6 7,12 20 6 7
186,20,known,1,1,0.000016,4,,77618,12 6 6 7,12 6 6 7
187,20,brute,0,0,0.062176,130321,30,197199,2 8 1 8,2 9 1 4
187,20,columns,0,0,0.000332,108,,197199,2 8 1 8,25 8 1 26
187,20,known,1,1,0.000016,4,,197199,2 8 1 8,2 8 1 8
188,20,brute,0,0,0.063610,130321,2,263434,7 10 11 15,15 10 11 15
188,20,columns,1,1,0.000437,108,,263434,7 10 11 15,7 10 11 15
188,20,known,1,1,0.000016,4,,263434,7 10 11 15,7 10 11 15
189,20,brute,0,0,0.067934,130321,15043,430327,13 9 7 11,8 1 7 11
189,20,columns,0,0,0.000426,108,,430327,13 9 7 11,26 23 7 11
189,20,known,1,1,0.000014,4,,430327,13 9 7 11,13 9 7 11
190,20,brute,0,0,0.070136,130321,57,7651,8 3 8 3,8 3 16 8
190,20,columns,0,0,0.000452,108,,7651,8 3 8 3,8 3 3 8
190,20,known,1,1,0.000015,4,,7651,8 3 8 3,8 3 8 3
191,20,brute,0,0,0.062078,130321,19,261409,8 11 6 7,8 1 18 7
191,20,columns,0,0,0.000253,108,,261409,8 11 6 7,19 11 18 2
191,20,known,1,1,0.000017,4,,261409,8 11 6 7,8 11 6 7
192,20,brute,0,0,0.062409,130321,199,390741,5 11 10 10,11 11 10 14
192,20,columns,0,0,0.000326,108,,390741,5 11 10 10,24 11 6 23
192,20,known,1,1,0.000016,4,,390741,5 11 10 10,5 11 10 10
193,20,brute,0,0,0.068630,130321,5599,180849,3 3 14 14,15 3 15 7
193,20,columns,0,0,0.000286,108,,180849,3 3 14 14,25 3 15 7
193,20,known,1,1,0.000022,4,,180849,3 3 14 14,3 3 14 14
194,20,brute,0,0,0.063615,130321,39,560490,15 9 13 10,10 9 2 15
194,20,columns,0,0,0.000550,108,,560490,15 9 13 10,10 9 13 15
194,20,known,1,1,0.000019,4,,560490,15 9 13 10,15 9 13 10
195,20,brute,0,0,0.065834,130321,10,627077,8 5 13 14,4 18 13 7
195,20,columns,0,0,0.000431,108,,627077,8 5 13 14,8 5 13 3
195,20,known,1,1,0.000017,4,,627077,8 5 13 14,8 5 13 14
196,20,brute,0,0,0.065622,130321,3,156608,13 13 10 8,13 4 10 8
196,20,columns,0,0,0.000211,108,,156608,13 13 10 8,1 13 10 8
196,20,known,1,1,0.000017,4,,156608,13 13 10 8,13 13 10 8
197,20,brute,0,0,0.065540,130321,39,548678,2 10 12 13,10 15 4 13
197,20,columns,0,0,0.000359,108,,548678,2 10 12 13,10 16 12 13
197,20,known,1,1,0.000017,4,,548678,2 10 12 13,2 10 12 13
198,20,brute,0,0,0.066889,130321,45,73858,4 10 12 13,4 2 6 13
198,20,columns,0,0,0.000213,108,,73858,4 10 12 13,4 3 6 13
198,20,known,1,1,0.000015,4,,73858,4 10 12 13,4 10 12 13
199,20,brute,0,0,0.061461,130321,6,256412,5 15 13 10,4 15 13 10
199,20,columns,1,1,0.000434,108,,256412,5 15 13 10,5 15 13 10
199,20,known,1,1,0.000015,4,,256412,5 15 13 10,5 15 13 10
0,40,brute,0,0,0.062581,130321,6,453927,0 9 14 11,0 9 1 11
0,40,columns,1,1,0.000391,108,,453927,0 9 14 11,0 9 14 11
0,40,known,1,1,0.000014,4,,453927,0 9 14 11,0 9 14 11
1,40,brute,1,1,0.059245,130321,1,83901,6 6 13 1,6 6 13 1
1,40,columns,1,1,0.000388,108,,83901,6 6 13 1,6 6 13 1
1,40,known,1,1,0.000014,4,,83901,6 6 13 1,6 6 13 1
2,40,brute,1,1,0.061746,130321,1,668550,14 11 5 10,14 11 5 10
2,40,columns,0,0,0.000568,108,,668550,14 11 5 10,14 6 5 10
2,40,known,1,1,0.000014,4,,668550,14 11 5 10,14 11 5 10
3,40,brute,0,0,0.066415,130321,14,546379,14 13 5 18,14 13 6 0
3,40,columns,1,1,0.000207,108,,546379,14 13 5 18,14 13 5 18
3,40,known,1,1,0.000016,4,,546379,14 13 5 18,14 13 5 18
4,40,brute,0,0,0.064374,130321,47,617624,12 13 9 3,12 13 9 14
4,40,columns,0,0,0.000347,108,,617624,12 13 9 3,12 13 9 25
4,40,known,1,1,0.000017,4,,617624,12 13 9 3,12 13 9 3
5,40,brute,0,0,0.068036,130321,3,167628,10 7 11 6,10 6 11 2
5,40,columns,0,0,0.000551,108,,167628,10 7 11 6,5 7 11 6
5,40,known,1,1,0.000015,4,,167628,10 7 11 6,10 7 11 6
6,40,brute,0,0,0.065041,130321,6,460932,9 10 9 8,13 10 16 2
6,40,columns,0,0,0.000475,108,,460932,9 10 9 8,13 10 9 8
6,40,known,1,1,0.000019,4,,460932,9 10 9 8,9 10 9 8
7,40,brute,0,0,0.062638,130321,3,559182,13 14 8 2,13 13 8 2
7,40,columns,1,1,0.000523,108,,559182,13 14 8 2,13 14 8 2
7,40,known,1,1,0.000016,4,,559182,13 14 8 2,13 14 8 2
8,40,brute,1,1,0.059507,130321,1,481371,9 12 5 2,9 12 5 2
8,40,columns,1,1,0.000208,108,,481371,9 12 5 2,9 12 5 2
8,40,known,1,1,0.000014,4,,481371,9 12 5 2,9 12 5 2
9,40,brute,0,0,0.064383,130321,3,52121,9 6 7 14,8 6 16 14
9,40,columns,1,1,0.000305,108,,52121,9 6 7 14,9 6 7 14
9,40,known,1,1,0.000014,4,,52121,9 6 7 14,9 6 7 14
10,40,brute,0,0,0.069819,130321,3,584952,5 7 10 9,17 7 10 9
10,40,columns,1,1,0.000355,108,,584952,5 7 10 9,5 7 10 9
10,40,known,1,1,0.000015,4,,584952,5 7 10 9,5 7 10 9
11,40,brute,1,1,0.073892,130321,1,247056,10 8 2 11,10 8 2 11
11,40,columns,1,1,0.000683,108,,247056,10 8 2 11,10 8 2 11
11,40,known,1,1,0.000016,4,,247056,10 8 2 11,10 8 2 11
12,40,brute,0,0,0.071219,130321,41,262318,7 3 12 12,8 3 12 12
12,40,columns,0,0,0.000499,108,,262318,7 3 12 12,8 3 12 12
12,40,known,1,1,0.000015,4,,262318,7 3 12 12,7 3 12 12
13,40,brute,0,0,0.063072,130321,6,117371,11 4 7 8,11 4 7 15
13,40,columns,1,1,0.000204,108,,117371,11 4 7 8,11 4 7 8
13,40,known,1,1,0.000015,4,,117371,11 4 7 8,11 4 7 8
14,40,brute,0,0,0.064567,130321,302,689950,16 10 8 2,2 10 8 2
14,40,columns,0,0,0.000315,108,,689950,16 10 8 2,7 10 8 7
14,40,known,1,1,0.000014,4,,689950,16 10 8 2,16 10 8 2
15,40,brute,1,1,0.068348,130321,1,363726,10 13 17 11,10 13 17 11
15,40,columns,1,1,0.000220,108,,363726,10 13 17 11,10 13 17 11
15,40,known,1,1,0.000015,4,,363726,10 13 17 11,10 13 17 11
16,40,brute,0,0,0.068934,130321,65,55362,4 8 5 9,4 1 2 9
16,40,columns,0,0,0.000999,108,,55362,4 8 5 9,4 22 5 9
16,40,known,1,1,0.000015,4,,55362,4 8 5 9,4 8 5 9
17,40,brute,0,0,0.078879,130321,41,677735,10 11 7 12,3 11 7 12
17,40,columns,0,0,0.000417,108,,677735,10 11 7 12,23 6 20 12
17,40,known,1,1,0.000015,4,,677735,10 11 7 12,10 11 7 12
18,40,brute,0,0,0.072690,130321,2,514815,15 7 10 8,15 7 10 1
18,40,columns,1,1,0.000419,108,,514815,15 7 10 8,15 7 10 8
18,40,known,1,1,0.000014,4,,514815,15 7 10 8,15 7 10 8
19,40,brute,0,0,0.070711,130321,2,140264,9 11 2 14,9 11 16 14
19,40,columns,0,0,0.000394,108,,140264,9 11 2 14,9 11 16 14
19,40,known,1,1,0.000014,4,,140264,9 11 2 14,9 11 2 14
20,40,brute,0,0,0.062546,130321,2,352178,11 11 7 7,11 13 7 7
20,40,columns,1,1,0.000204,108,,352178,11 11 7 7,11 11 7 7
20,40,known,1,1,0.000015,4,,352178,11 11 7 7,11 11 7 7
21,40,brute,0,0,0.062990,130321,187,513165,9 5 9 10,9 12 9 10
21,40,columns,0,0,0.000271,108,,513165,9 5 9 10,9 11 9 23
21,40,known,1,1,0.000015,4,,513165,9 5 9 10,9 5 9 10
22,40,brute,0,0,0.059108,130321,4,70502,11 10 14 11,11 17 14 11
22,40,columns,0,0,0.000524,108,,70502,11 10 14 11,11 10 14 24
22,40,known,1,1,0.000014,4,,70502,11 10 14 11,11 10 14 11
23,40,brute,0,0,0.067100,130321,27,259380,10 1 15 11,10 1 15 2
23,40,columns,0,0,0.000527,108,,259380,10 1 15 11,10 1 15 2
23,40,known,1,1,0.000014,4,,259380,10 1 15 11,10 1 15 11
24,40,brute,1,1,0.071071,130321,1,200970,10 9 17 6,10 9 17 6
24,40,columns,0,0,0.000410,108,,200970,10 9 17 6,10 9 17 19
24,40,known,1,1,0.000016,4,,200970,10 9 17 6,10 9 17 6
25,40,brute,1,1,0.074848,130321,1,377982,11 7 12 13,11 7 12 13
25,40,columns,1,1,0.000212,108,,377982,11 7 12 13,11 7 12 13
25,40,known,1,1,0.000032,4,,377982,11 7 12 13,11 7 12 13
26,40,brute,0,0,0.061090,130321,2,59600,13 9 13 14,13 5 13 8
26,40,columns,0,0,0.000509,108,,59600,13 9 13 14,13 5 8 14
26,40,known,1,1,0.000015,4,,59600,13 9 13 14,13 9 13 14
27,40,brute,0,0,0.070244,130321,17,685424,16 15 9 17,13 1 9 17
27,40,columns,0,0,0.000223,108,,685424,16 15 9 17,13 1 9 17
27,40,known,1,1,0.000015,4,,685424,16 15 9 17,16 15 9 17
28,40,brute,0,0,0.067051,130321,2,478007,11 2 10 8,6 2 10 1
28,40,columns,0,0,0.000410,108,,478007,11 2 10 8,6 2 10 8
28,40,known,1,1,0.000016,4,,478007,11 2 10 8,11 2 10 8
29,40,brute,0,0,0.062204,130321,21,60167,11 3 8 1,7 3 8 1
29,40,columns,0,0,0.000526,108,,60167,11 3 8 1,18 3 8 1
29,40,known,1,1,0.000014,4,,60167,11 3 8 1,11 3 8 1
30,40,brute,0,0,0.074133,130321,5,516935,10 8 2 8,18 8 13 8
30,40,columns,1,1,0.000204,108,,516935,10 8 2 8,10 8 2 8
30,40,known,1,1,0.000015,4,,516935,10 8 2 8,10 8 2 8
31,40,brute,1,1,0.061509,130321,1,294050,15 12 13 10,15 12 13 10
31,40,columns,1,1,0.000327,108,,294050,15 12 13 10,15 12 13 10
31,40,known,1,1,0.000015,4,,294050,15 12 13 10,15 12 13 10
32,40,brute,0,0,0.065818,130321,3,223842,17 11 2 10,17 11 16 10
32,40,columns,1,1,0.000193,108,,223842,17 11 2 10,17 11 2 10
32,40,known,1,1,0.000014,4,,223842,17 11 2 10,17 11 2 10
33,40,brute,0,0,0.069149,130321,6,190397,9 8 10 9,9 8 10 0
33,40,columns,1,1,0.000403,108,,190397,9 8 10 9,9 8 10 9
33,40,known,1,1,0.000015,4,,190397,9 8 10 9,9 8 10 9
34,40,brute,0,0,0.061153,130321,4,9570,2 8 5 9,2 7 5 9
34,40,columns,0,0,0.000479,108,,9570,2 8 5 9,2 7 5 9
34,40,known,1,1,0.000014,4,,9570,2 8 5 9,2 8 5 9
35,40,brute,0,0,0.070177,130321,10,63576,10 16 4 12,10 9 4 3
35,40,columns,0,0,0.000589,108,,63576,10 16 4 12,10 16 17 12
35,40,known,1,1,0.000034,4,,63576,10 16 4 12,10 16 4 12
36,40,brute,0,0,0.080674,130321,13,239881,7 14 4 11,7 3 4 18
36,40,columns,0,0,0.000402,108,,239881,7 14 4 11,7 0 4 11
36,40,known,1,1,0.000015,4,,239881,7 14 4 11,7 14 4 11
37,40,brute,0,0,0.060756,130321,2,385994,10 10 8 11,10 5 8 11
37,40,columns,1,1,0.000219,108,,385994,10 10 8 11,10 10 8 11
37,40,known,1,1,0.000014,4,,385994,10 10 8 11,10 10 8 11
38,40,brute,0,0,0.064959,130321,13,549867,10 8 12 18,10 8 3 18
38,40,columns,0,0,0.000298,108,,549867,10 8 12 18,23 8 8 18
38,40,known,1,1,0.000014,4,,549867,10 8 12 18,10 8 12 18
39,40,brute,0,0,0.062529,130321,2,524868,6 11 5 6,1 11 5 6
39,40,columns,1,1,0.000410,108,,524868,6 11 5 6,6 11 5 6
39,40,known,1,1,0.000015,4,,524868,6 11 5 6,6 11 5 6
40,40,brute,1,1,0.062795,130321,1,159056,11 4 7 7,11 4 7 7
40,40,columns,0,0,0.000496,108,,159056,11 4 7 7,11 19 7 7
40,40,known,1,1,0.000014,4,,159056,11 4 7 7,11 4 7 7
41,40,brute,0,0,0.064739,130321,13,501297,11 7 10 6,11 7 10 10
41,40,columns,1,1,0.000416,108,,501297,11 7 10 6,11 7 10 6
41,40,known,1,1,0.000015,4,,501297,11 7 10 6,11 7 10 6
42,40,brute,0,0,0.063392,130321,25,631211,7 10 18 13,3 10 18 8
42,40,columns,0,0,0.000240,108,,631211,7 10 18 13,14 10 18 13
42,40,known,1,1,0.000015,4,,631211,7 10 18 13,7 10 18 13
43,40,brute,0,0,0.062665,130321,13,592654,4 8 2 12,4 5 2 7
43,40,columns,0,0,0.000298,108,,592654,4 8 2 12,4 8 2 20
43,40,known,1,1,0.000015,4,,592654,4 8 2 12,4 8 2 12
44,40,brute,1,1,0.065773,130321,1,175831,3 11 14 14,3 11 14 14
44,40,columns,1,1,0.000257,108,,175831,3 11 14 14,3 11 14 14
44,40,known,1,1,0.000017,4,,175831,3 11 14 14,3 11 14 14
45,40,brute,0,0,0.064336,130321,40,373210,15 14 4 11,15 7 8 11
45,40,columns,1,1,0.000458,108,,373210,15 14 4 11,15 14 4 11
45,40,known,1,1,0.000017,4,,373210,15 14 4 11,15 14 4 11
46,40,brute,0,0,0.060363,130321,77,310514,13 6 6 8,13 1 6 15
46,40,columns,0,0,0.000480,108,,310514,13 6 6 8,13 6 6 23
46,40,known,1,1,0.000017,4,,310514,13 6 6 8,13 6 6 8
47,40,brute,0,0,0.060870,130321,5,304800,8 5 6 4,8 5 6 18
47,40,columns,1,1,0.000316,108,,304800,8 5 6 4,8 5 6 4
47,40,known,1,1,0.000017,4,,304800,8 5 6 4,8 5 6 4
48,40,brute,0,0,0.068310,130321,86,483570,11 6 7 3,11 6 7 15
48,40,columns,0,0,0.000369,108,,483570,11 6 7 3,11 6 7 15
48,40,known,1,1,0.000018,4,,483570,11 6 7 3,11 6 7 3
49,40,brute,0,0,0.062535,130321,27,548770,16 7 0 9,16 7 7 2
49,40,columns,0,0,0.000210,108,,548770,16 7 0 9,16 7 0 2
49,40,known,1,1,0.000015,4,,548770,16 7 0 9,16 7 0 9
50,40,brute,1,1,0.060520,130321,1,142549,9 6 2 0,9 6 2 0
50,40,columns,0,0,0.000454,108,,142549,9 6 2 0,9 5 2 0
50,40,known,1,1,0.000017,4,,142549,9 6 2 0,9 6 2 0
51,40,brute,0,0,0.063293,130321,33,330530,8 15 14 9,8 15 14 7
51,40,columns,0,0,0.000420,108,,330530,8 15 14 9,8 13 14 22
51,40,known,1,1,0.000016,4,,330530,8 15 14 9,8 15 14 9
52,40,brute,0,0,0.063485,130321,22,489584,9 8 0 17,16 8 0 3
52,40,columns,0,0,0.000504,108,,489584,9 8 0 17,21 8 0 17
52,40,known,1,1,0.000017,4,,489584,9 8 0 17,9 8 0 17
53,40,brute,0,0,0.063366,130321,18,584426,5 2 10 9,5 2 7 9
53,40,columns,0,0,0.000487,108,,584426,5 2 10 9,5 2 24 9
53,40,known,1,1,0.000017,4,,584426,5 2 10 9,5 2 10 9
54,40,brute,0,0,0.061873,130321,10,101460,11 14 16 9,11 14 7 9
54,40,columns,1,1,0.000244,108,,101460,11 14 16 9,11 14 16 9
54,40,known,1,1,0.000016,4,,101460,11 14 16 9,11 14 16 9
55,40,brute,0,0,0.059915,130321,16,585118,5 2 12 15,5 13 1 15
55,40,columns,0,0,0.000309,108,,585118,5 2 12 15,5 17 1 15
55,40,known,1,1,0.000016,4,,585118,5 2 12 15,5 2 12 15
56,40,brute,0,0,0.061631,130321,2,317138,8 9 12 6,7 9 12 6
56,40,columns,0,0,0.000489,108,,317138,8 9 12 6,7 9 12 6
56,40,known,1,1,0.000017,4,,317138,8 9 12 6,8 9 12 6
57,40,brute,0,0,0.064587,130321,117,403001,9 10 0 0,4 3 12 0
57,40,columns,0,0,0.000472,108,,403001,9 10 0 0,4 24 12 0
57,40,known,1,1,0.000018,4,,403001,9 10 0 0,9 10 0 0
58,40,brute,0,0,0.061770,130321,2,661999,5 6 9 7,2 6 9 7
58,40,columns,1,1,0.000421,108,,661999,5 6 9 7,5 6 9 7
58,40,known,1,1,0.000017,4,,661999,5 6 9 7,5 6 9 7
59,40,brute,0,0,0.063691,130321,12,144521,7 12 7 9,7 12 5 9
59,40,columns,0,0,0.000238,108,,144521,7 12 7 9,15 8 20 21
59,40,known,1,1,0.000015,4,,144521,7 12 7 9,7 12 7 9
60,40,brute,0,0,0.063907,130321,11,547205,9 8 17 9,16 8 17 2
60,40,columns,0,0,0.000337,108,,547205,9 8 17 9,9 8 17 21
60,40,known,1,1,0.000017,4,,547205,9 8 17 9,9 8 17 9
61,40,brute,0,0,0.061970,130321,3,394190,8 16 4 6,8 16 4 18
61,40,columns,0,0,0.000226,108,,394190,8 16 4 6,8 16 4 18
61,40,known,1,1,0.000016,4,,394190,8 16 4 6,8 16 4 6
62,40,brute,1,1,0.059931,130321,1,478380,10 10 10 5,10 10 10 5
62,40,columns,0,0,0.000439,108,,478380,10 10 10 5,25 24 14 5
62,40,known,1,1,0.000015,4,,478380,10 10 10 5,10 10 10 5
63,40,brute,0,0,0.060104,130321,23,680649,12 3 13 8,12 16 13 15
63,40,columns,1,1,0.000455,108,,680649,12 3 13 8,12 3 13 8
63,40,known,1,1,0.000019,4,,680649,12 3 13 8,12 3 13 8
64,40,brute,0,0,0.065530,130321,404,594530,5 11 2 9,0 4 11 0
64,40,columns,0,0,0.000219,108,,594530,5 11 2 9,0 11 26 0
64,40,known,1,1,0.000017,4,,594530,5 11 2 9,5 11 2 9
65,40,brute,0,0,0.070811,130321,68,300029,11 2 14 8,11 9 14 8
65,40,columns,0,0,0.000345,108,,300029,11 2 14 8,18 14 14 8
65,40,known,1,1,0.000017,4,,300029,11 2 14 8,11 2 14 8
66,40,brute,0,0,0.064838,130321,5,282457,4 6 1 3,16 13 1 3
66,40,columns,0,0,0.000197,108,,282457,4 6 1 3,4 19 23 3
66,40,known,1,1,0.000017,4,,282457,4 6 1 3,4 6 1 3
67,40,brute,0,0,0.063118,130321,3,657204,16 7 13 5,16 7 15 5
67,40,columns,0,0,0.000426,108,,657204,16 7 13 5,16 7 21 5
67,40,known,1,1,0.000015,4,,657204,16 7 13 5,16 7 13 5
68,40,brute,0,0,0.068069,130321,4,529388,11 8 4 11,7 8 11 10
68,40,columns,1,1,0.000412,108,,529388,11 8 4 11,11 8 4 11
68,40,known,1,1,0.000016,4,,529388,11 8 4 11,11 8 4 11
69,40,brute,1,1,0.059293,130321,1,483054,11 6 16 7,11 6 16 7
69,40,columns,1,1,0.000560,108,,483054,11 6 16 7,11 6 16 7
69,40,known,1,1,0.000021,4,,483054,11 6 16 7,11 6 16 7
70,40,brute,0,0,0.062005,130321,5,679058,10 8 16 9,2 8 16 9
70,40,columns,1,1,0.000538,108,,679058,10 8 16 9,10 8 16 9
70,40,known,1,1,0.000018,4,,679058,10 8 16 9,10 8 16 9
71,40,brute,1,1,0.059811,130321,1,526576,5 7 10 9,5 7 10 9
71,40,columns,0,0,0.000205,108,,526576,5 7 10 9,5 7 10 17
71,40,known,1,1,0.000014,4,,526576,5 7 10 9,5 7 10 9
72,40,brute,0,0,0.062922,130321,2,380894,17 18 12 9,17 1 12 9
72,40,columns,1,1,0.000332,108,,380894,17 18 12 9,17 18 12 9
72,40,known,1,1,0.000017,4,,380894,17 18 12 9,17 18 12 9
73,40,brute,0,0,0.063087,130321,4,288569,5 4 6 8,5 18 6 8
73,40,columns,1,1,0.000463,108,,288569,5 4 6 8,5 4 6 8
73,40,known,1,1,0.000020,4,,288569,5 4 6 8,5 4 6 8
74,40,brute,0,0,0.062809,130321,17,507360,7 8 11 3,7 8 0 3
74,40,columns,0,0,0.000512,108,,507360,7 8 11 3,7 8 7 3
74,40,known,1,1,0.000016,4,,507360,7 8 11 3,7 8 11 3
75,40,brute,0,0,0.064328,130321,583,513522,12 5 13 14,4 17 13 1
75,40,columns,0,0,0.000445,108,,513522,12 5 13 14,24 5 13 14
75,40,known,1,1,0.000014,4,,513522,12 5 13 14,12 5 13 14
76,40,brute,1,1,0.068619,130321,1,33365,15 15 17 13,15 15 17 13
76,40,columns,0,0,0.000317,108,,33365,15 15 17 13,15 15 5 8
76,40,known,1,1,0.000021,4,,33365,15 15 17 13,15 15 17 13
77,40,brute,0,0,0.061988,130321,5393,539394,10 4 9 12,10 4 13 17
77,40,columns,0,0,0.000392,108,,539394,10 4 9 12,10 4 13 1
77,40,known,1,1,0.000016,4,,539394,10 4 9 12,10 4 9 12
78,40,brute,0,0,0.069017,130321,45,212660,8 2 11 13,8 2 7 13
78,40,columns,0,0,0.000209,108,,212660,8 2 11 13,8 2 7 13
78,40,known,1,1,0.000014,4,,212660,8 2 11 13,8 2 11 13
79,40,brute,0,0,0.062070,130321,5,124629,5 14 5 5,16 18 5 5
79,40,columns,0,0,0.000445,108,,124629,5 14 5 5,5 13 5 5
79,40,known,1,1,0.000017,4,,124629,5 14 5 5,5 14 5 5
80,40,brute,0,0,0.061884,130321,5,671866,5 0 11 12,5 0 4 12
80,40,columns,0,0,0.000253,108,,671866,5 0 11 12,5 22 23 12
80,40,known,1,1,0.000015,4,,671866,5 0 11 12,5 0 11 12
81,40,brute,0,0,0.060617,130321,4,263541,12 14 5 8,12 14 13 8
81,40,columns,0,0,0.000332,108,,263541,12 14 5 8,12 21 5 21
81,40,known,1,1,0.000017,4,,263541,12 14 5 8,12 14 5 8
82,40,brute,0,0,0.066436,130321,51,677369,15 13 8 2,15 13 8 1
82,40,columns,0,0,0.000282,108,,677369,15 13 8 2,15 13 8 14
82,40,known,1,1,0.000018,4,,677369,15 13 8 2,15 13 8 2
83,40,brute,0,0,0.065497,130321,87,535094,12 14 8 5,12 2 1 5
83,40,columns,0,0,0.000438,108,,535094,12 14 8 5,12 21 1 18
83,40,known,1,1,0.000014,4,,535094,12 14 8 5,12 14 8 5
84,40,brute,1,1,0.063135,130321,1,620034,13 11 13 1,13 11 13 1
84,40,columns,1,1,0.000520,108,,620034,13 11 13 1,13 11 13 1
84,40,known,1,1,0.000015,4,,620034,13 11 13 1,13 11 13 1
85,40,brute,0,0,0.065054,130321,2,612072,6 1 7 18,6 1 7 7
85,40,columns,1,1,0.000225,108,,612072,6 1 7 18,6 1 7 18
85,40,known,1,1,0.000017,4,,612072,6 1 7 18,6 1 7 18
86,40,brute,0,0,0.072504,130321,15,214857,3 10 15 15,16 10 15 10
86,40,columns,0,0,0.000289,108,,214857,3 10 15 15,16 10 15 15
86,40,known,1,1,0.000028,4,,214857,3 10 15 15,3 10 15 15
87,40,brute,0,0,0.066453,130321,7,549241,4 10 4 15,4 11 4 9
87,40,columns,0,0,0.000285,108,,549241,4 10 4 15,4 10 4 23
87,40,known,1,1,0.000019,4,,549241,4 10 4 15,4 10 4 15
88,40,brute,0,0,0.062553,130321,3,433272,8 8 3 6,8 8 3 5
88,40,columns,1,1,0.000507,108,,433272,8 8 3 6,8 8 3 6
88,40,known,1,1,0.000018,4,,433272,8 8 3 6,8 8 3 6
89,40,brute,1,1,0.064587,130321,1,150179,4 10 7 14,4 10 7 14
89,40,columns,1,1,0.000564,108,,150179,4 10 7 14,4 10 7 14
89,40,known,1,1,0.000017,4,,150179,4 10 7 14,4 10 7 14
90,40,brute,0,0,0.062075,130321,8,171400,4 9 5 4,11 9 5 17
90,40,columns,1,1,0.000501,108,,171400,4 9 5 4,4 9 5 4
90,40,known,1,1,0.000015,4,,171400,4 9 5 4,4 9 5 4
91,40,brute,0,0,0.061647,130321,10,321331,13 13 12 13,1 13 12 17
91,40,columns,0,0,0.000527,108,,321331,13 13 12 13,20 13 19 4
91,40,known,1,1,0.000016,4,,321331,13 13 12 13,13 13 12 13
92,40,brute,0,0,0.067133,130321,2,606969,8 4 6 12,7 4 6 12
92,40,columns,0,0,0.000215,108,,606969,8 4 6 12,8 24 6 1
92,40,known,1,1,0.000013,4,,606969,8 4 6 12,8 4 6 12
93,40,brute,0,0,0.061806,130321,2,492701,2 9 15 14,2 9 15 6
93,40,columns,1,1,0.000308,108,,492701,2 9 15 14,2 9 15 14
93,40,known,1,1,0.000013,4,,492701,2 9 15 14,2 9 15 14
94,40,brute,0,0,0.062264,130321,3,475800,5 13 5 9,5 13 10 9
94,40,columns,0,0,0.000453,108,,475800,5 13 5 9,5 13 10 9
94,40,known,1,1,0.000013,4,,475800,5 13 5 9,5 13 5 9
95,40,brute,0,0,0.063490,130321,126,56909,9 15 4 6,9 0 4 7
95,40,columns,0,0,0.000574,108,,56909,9 15 4 6,9 23 4 7
95,40,known,1,1,0.000016,4,,56909,9 15 4 6,9 15 4 6
96,40,brute,0,0,0.063823,130321,5,550313,12 13 4 8,7 13 4 8
96,40,columns,0,0,0.000437,108,,550313,12 13 4 8,21 13 4 8
96,40,known,1,1,0.000014,4,,550313,12 13 4 8,12 13 4 8
97,40,brute,0,0,0.062894,130321,4,612741,8 6 10 10,3 13 10 10
97,40,columns,0,0,0.000240,108,,612741,8 6 10 10,7 6 10 9
97,40,known,1,1,0.000012,4,,612741,8 6 10 10,8 6 10 10
98,40,brute,0,0,0.066142,130321,40,211693,8 7 3 5,8 6 16 5
98,40,columns,0,0,0.000309,108,,211693,8 7 3 5,8 20 16 5
98,40,known,1,1,0.000014,4,,211693,8 7 3 5,8 7 3 5
99,40,brute,0,0,0.068064,130321,11,619899,15 10 2 8,15 10 1 8
99,40,columns,1,1,0.000313,108,,619899,15 10 2 8,15 10 2 8
99,40,known,1,1,0.000015,4,,619899,15 10 2 8,15 10 2 8
100,40,brute,1,1,0.067800,130321,1,508158,7 9 7 1,7 9 7 1
100,40,columns,1,1,0.000563,108,,508158,7 9 7 1,7 9 7 1
100,40,known,1,1,0.000013,4,,508158,7 9 7 1,7 9 7 1
101,40,brute,0,0,0.066301,130321,5,588346,8 4 12 11,8 4 4 2
101,40,columns,0,0,0.000524,108,,588346,8 4 12 11,8 4 12 24
101,40,known,1,1,0.000016,4,,588346,8 4 12 11,8 4 12 11
102,40,brute,1,1,0.065588,130321,1,90751,3 6 5 10,3 6 5 10
102,40,columns,0,0,0.000216,108,,90751,3 6 5 10,3 20 5 10
102,40,known,1,1,0.000056,4,,90751,3 6 5 10,3 6 5 10
103,40,brute,0,0,0.064446,130321,2,612573,7 8 6 12,7 8 6 7
103,40,columns,0,0,0.000329,108,,612573,7 8 6 12,7 23 6 12
103,40,known,1,1,0.000013,4,,612573,7 8 6 12,7 8 6 12
104,40,brute,1,1,0.066464,130321,1,317462,9 11 11 14,9 11 11 14
104,40,columns,0,0,0.000239,108,,317462,9 11 11 14,9 25 11 14
104,40,known,1,1,0.000013,4,,317462,9 11 11 14,9 11 11 14
105,40,brute,0,0,0.064532,130321,3,409913,5 13 3 4,16 13 3 4
105,40,columns,1,1,0.000430,108,,409913,5 13 3 4,5 13 3 4
105,40,known,1,1,0.000015,4,,409913,5 13 3 4,5 13 3 4
106,40,brute,0,0,0.068537,130321,134,132782,7 4 15 3,15 4 15 3
106,40,columns,0,0,0.000488,108,,132782,7 4 15 3,1 4 15 3
106,40,known,1,1,0.000017,4,,132782,7 4 15 3,7 4 15 3
107,40,brute,0,0,0.064457,130321,5,130398,5 12 6 11,17 12 17 11
107,40,columns,1,1,0.000422,108,,130398,5 12 6 11,5 12 6 11
107,40,known,1,1,0.000017,4,,130398,5 12 6 11,5 12 6 11
108,40,brute,0,0,0.064504,130321,5,130016,6 8 3 9,6 8 18 9
108,40,columns,0,0,0.000418,108,,130016,6 8 3 9,15 8 3 9
108,40,known,1,1,0.000016,4,,130016,6 8 3 9,6 8 3 9
109,40,brute,0,0,0.068541,130321,4,45515,12 3 16 9,9 3 16 9
109,40,columns,0,0,0.000260,108,,45515,12 3 16 9,9 3 16 9
109,40,known,1,1,0.000016,4,,45515,12 3 16 9,12 3 16 9
110,40,brute,0,0,0.068051,130321,10,405454,9 15 10 12,10 15 10 12
110,40,columns,0,0,0.000379,108,,405454,9 15 10 12,10 15 10 26
110,40,known,1,1,0.000013,4,,405454,9 15 10 12,9 15 10 12
111,40,brute,1,1,0.073338,130321,1,577994,3 1 3 12,3 1 3 12
111,40,columns,0,0,0.000436,108,,577994,3 1 3 12,23 1 3 4
111,40,known,1,1,0.000020,4,,577994,3 1 3 12,3 1 3 12
112,40,brute,0,0,0.067086,130321,3,381515,8 13 15 12,8 15 15 12
112,40,columns,1,1,0.000437,108,,381515,8 13 15 12,8 13 15 12
112,40,known,1,1,0.000017,4,,381515,8 13 15 12,8 13 15 12
113,40,brute,0,0,0.072717,130321,4,628630,8 3 8 12,15 3 4 12
113,40,columns,1,1,0.000263,108,,628630,8 3 8 12,8 3 8 12
113,40,known,1,1,0.000017,4,,628630,8 3 8 12,8 3 8 12
114,40,brute,0,0,0.079948,130321,35,217474,17 10 4 8,17 10 11 8
114,40,columns,0,0,0.000207,108,,217474,17 10 4 8,17 10 0 8
114,40,known,1,1,0.000012,4,,217474,17 10 4 8,17 10 4 8
115,40,brute,0,0,0.064737,130321,9,109740,17 14 9 9,17 10 9 9
115,40,columns,0,0,0.000309,108,,109740,17 14 9 9,17 15 9 9
115,40,known,1,1,0.000014,4,,109740,17 14 9 9,17 14 9 9
116,40,brute,1,1,0.069322,130321,1,161767,11 7 0 13,11 7 0 13
116,40,columns,1,1,0.000240,108,,161767,11 7 0 13,11 7 0 13
116,40,known,1,1,0.000016,4,,161767,11 7 0 13,11 7 0 13
117,40,brute,0,0,0.067499,130321,4,194636,13 12 7 13,13 16 7 13
117,40,columns,1,1,0.000264,108,,194636,13 12 7 13,13 12 7 13
117,40,known,1,1,0.000015,4,,194636,13 12 7 13,13 12 7 13
118,40,brute,1,1,0.069484,130321,1,559402,9 11 4 10,9 11 4 10
118,40,columns,0,0,0.000495,108,,559402,9 11 4 10,9 25 4 22
118,40,known,1,1,0.000013,4,,559402,9 11 4 10,9 11 4 10
119,40,brute,0,0,0.080999,130321,4,677499,14 14 5 9,18 14 18 9
119,40,columns,0,0,0.000382,108,,677499,14 14 5 9,14 14 25 9
119,40,known,1,1,0.000016,4,,677499,14 14 5 9,14 14 5 9
120,40,brute,0,0,0.075018,130321,14,636572,14 10 14 9,0 10 14 2
120,40,columns,0,0,0.000533,108,,636572,14 10 14 9,0 10 14 9
120,40,known,1,1,0.000020,4,,636572,14 10 14 9,14 10 14 9
121,40,brute,0,0,0.070626,130321,5,138642,13 8 4 4,13 8 17 4
121,40,columns,1,1,0.000361,108,,138642,13 8 4 4,13 8 4 4
121,40,known,1,1,0.000013,4,,138642,13 8 4 4,13 8 4 4
122,40,brute,1,1,0.069820,130321,1,663169,7 5 13 4,7 5 13 4
122,40,columns,0,0,0.000393,108,,663169,7 5 13 4,7 5 14 4
122,40,known,1,1,0.000015,4,,663169,7 5 13 4,7 5 13 4
123,40,brute,0,0,0.072993,130321,6,495537,5 11 11 12,0 3 11 12
123,40,columns,0,0,0.000361,108,,495537,5 11 11 12,0 11 24 12
123,40,known,1,1,0.000015,4,,495537,5 11 11 12,5 11 11 12
124,40,brute,0,0,0.075409,130321,3,678504,8 5 1 1,8 5 1 14
124,40,columns,0,0,0.000327,108,,678504,8 5 1 1,8 5 1 24
124,40,known,1,1,0.000016,4,,678504,8 5 1 1,8 5 1 1
125,40,brute,1,1,0.073828,130321,1,271826,12 10 7 6,12 10 7 6
125,40,columns,0,0,0.000477,108,,271826,12 10 7 6,25 10 2 6
125,40,known,1,1,0.000016,4,,271826,12 10 7 6,12 10 7 6
126,40,brute,0,0,0.074207,130321,17,445907,17 12 8 12,17 11 5 12
126,40,columns,0,0,0.000414,108,,445907,17 12 8 12,17 11 8 12
126,40,known,1,1,0.000016,4,,445907,17 12 8 12,17 12 8 12
127,40,brute,1,1,0.076441,130321,1,120913,12 6 9 10,12 6 9 10
127,40,columns,1,1,0.000510,108,,120913,12 6 9 10,12 6 9 10
127,40,known,1,1,0.000017,4,,120913,12 6 9 10,12 6 9 10
128,40,brute,0,0,0.075162,130321,13,8487,9 16 9 0,9 11 9 4
128,40,columns,0,0,0.000430,108,,8487,9 16 9 0,9 16 9 20
128,40,known,1,1,0.000016,4,,8487,9 16 9 0,9 16 9 0
129,40,brute,1,1,0.075272,130321,1,560875,12 13 13 11,12 13 13 11
129,40,columns,0,0,0.000568,108,,560875,12 13 13 11,0 13 13 11
129,40,known,1,1,0.000018,4,,560875,12 13 13 11,12 13 13 11
130,40,brute,0,0,0.076115,130321,37,526303,7 7 9 17,4 7 9 4
130,40,columns,0,0,0.000234,108,,526303,7 7 9 17,7 7 9 4
130,40,known,1,1,0.000017,4,,526303,7 7 9 17,7 7 9 17
131,40,brute,0,0,0.078076,130321,11,671859,0 3 3 6,0 15 3 6
131,40,columns,0,0,0.000290,108,,671859,0 3 3 6,0 16 3 6
131,40,known,1,1,0.000017,4,,671859,0 3 3 6,0 3 3 6
132,40,brute,1,1,0.077100,130321,1,326781,8 12 4 7,8 12 4 7
132,40,columns,0,0,0.000235,108,,326781,8 12 4 7,8 12 4 19
132,40,known,1,1,0.000014,4,,326781,8 12 4 7,8 12 4 7
133,40,brute,0,0,0.079036,130321,4,150587,9 13 7 10,9 13 7 17
133,40,columns,1,1,0.000225,108,,150587,9 13 7 10,9 13 7 10
133,40,known,1,1,0.000015,4,,150587,9 13 7 10,9 13 7 10
134,40,brute,0,0,0.072613,130321,2,349799,14 11 4 13,14 11 4 5
134,40,columns,1,1,0.000240,108,,349799,14 11 4 13,14 11 4 13
134,40,known,1,1,0.000015,4,,349799,14 11 4 13,14 11 4 13
135,40,brute,0,0,0.073063,130321,2,385432,5 8 7 2,10 8 7 2
135,40,columns,0,0,0.000418,108,,385432,5 8 7 2,25 8 7 2
135,40,known,1,1,0.000016,4,,385432,5 8 7 2,5 8 7 2
136,40,brute,1,1,0.076092,130321,1,557692,5 8 8 7,5 8 8 7
136,40,columns,0,0,0.000489,108,,557692,5 8 8 7,5 8 7 7
136,40,known,1,1,0.000017,4,,557692,5 8 8 7,5 8 8 7
137,40,brute,0,0,0.076511,130321,6,72610,10 1 10 9,7 1 10 0
137,40,columns,0,0,0.000434,108,,72610,10 1 10 9,10 1 10 4
137,40,known,1,1,0.000016,4,,72610,10 1 10 9,10 1 10 9
138,40,brute,0,0,0.075384,130321,685,488972,15 9 9 7,0 9 9 0
138,40,columns,0,0,0.000436,108,,488972,15 9 9 7,22 9 9 0
138,40,known,1,1,0.000016,4,,488972,15 9 9 7,15 9 9 7
139,40,brute,0,0,0.077475,130321,1519,267224,7 10 6 11,7 1 3 11
139,40,columns,0,0,0.000429,108,,267224,7 10 6 11,7 14 26 11
139,40,known,1,1,0.000016,4,,267224,7 10 6 11,7 10 6 11
140,40,brute,0,0,0.076114,130321,28,368422,11 6 12 10,11 6 7 3
140,40,columns,1,1,0.000282,108,,368422,11 6 12 10,11 6 12 10
140,40,known,1,1,0.000014,4,,368422,11 6 12 10,11 6 12 10
141,40,brute,0,0,0.073154,130321,9,440991,12 2 6 14,12 2 6 13
141,40,columns,0,0,0.000270,108,,440991,12 2 6 14,12 2 6 13
141,40,known,1,1,0.000015,4,,440991,12 2 6 14,12 2 6 14
142,40,brute,0,0,0.073055,130321,22,362998,2 10 16 10,11 10 1 10
142,40,columns,0,0,0.000385,108,,362998,2 10 16 10,23 10 16 10
142,40,known,1,1,0.000017,4,,362998,2 10 16 10,2 10 16 10
143,40,brute,1,1,0.073984,130321,1,21970,15 16 7 17,15 16 7 17
143,40,columns,1,1,0.000402,108,,21970,15 16 7 17,15 16 7 17
143,40,known,1,1,0.000018,4,,21970,15 16 7 17,15 16 7 17
144,40,brute,0,0,0.075798,130321,11,387685,10 6 8 7,12 2 8 1
144,40,columns,1,1,0.000428,108,,387685,10 6 8 7,10 6 8 7
144,40,known,1,1,0.000015,4,,387685,10 6 8 7,10 6 8 7
145,40,brute,0,0,0.073487,130321,43,351585,9 5 5 12,9 18 5 4
145,40,columns,1,1,0.000505,108,,351585,9 5 5 12,9 5 5 12
145,40,known,1,1,0.000014,4,,351585,9 5 5 12,9 5 5 12
146,40,brute,0,0,0.073184,130321,3,234636,16 15 14 5,16 16 14 4
146,40,columns,1,1,0.000462,108,,234636,16 15 14 5,16 15 14 5
146,40,known,1,1,0.000019,4,,234636,16 15 14 5,16 15 14 5
147,40,brute,0,0,0.074850,130321,5,285139,15 4 2 14,15 13 2 14
147,40,columns,1,1,0.000374,108,,285139,15 4 2 14,15 4 2 14
147,40,known,1,1,0.000023,4,,285139,15 4 2 14,15 4 2 14
148,40,brute,0,0,0.078373,130321,58,68382,8 5 8 7,8 18 4 7
148,40,columns,0,0,0.000257,108,,68382,8 5 8 7,8 11 8 7
148,40,known,1,1,0.000020,4,,68382,8 5 8 7,8 5 8 7
149,40,brute,0,0,0.073791,130321,8,106749,6 3 11 11,6 3 10 3
149,40,columns,0,0,0.000289,108,,106749,6 3 11 11,6 3 25 22
149,40,known,1,1,0.000022,4,,106749,6 3 11 11,6 3 11 11
150,40,brute,0,0,0.076890,130321,15,318253,8 8 5 8,8 8 5 4
150,40,columns,0,0,0.000224,108,,318253,8 8 5 8,8 8 5 4
150,40,known,1,1,0.000015,4,,318253,8 8 5 8,8 8 5 8
151,40,brute,0,0,0.086631,130321,62,680623,3 2 3 9,10 2 3 6
151,40,columns,0,0,0.000259,108,,680623,3 2 3 9,25 2 3 1
151,40,known,1,1,0.000017,4,,680623,3 2 3 9,3 2 3 9
152,40,brute,1,1,0.077030,130321,1,639316,12 5 4 13,12 5 4 13
152,40,columns,0,0,0.000469,108,,639316,12 5 4 13,12 26 4 13
152,40,known,1,1,0.000017,4,,639316,12 5 4 13,12 5 4 13
153,40,brute,0,0,0.086165,130321,3,447801,4 6 5 10,4 6 5 5
153,40,columns,1,1,0.000422,108,,447801,4 6 5 10,4 6 5 10
153,40,known,1,1,0.000015,4,,447801,4 6 5 10,4 6 5 10
154,40,brute,0,0,0.088870,130321,5,596583,9 11 13 14,9 12 17 14
154,40,columns,0,0,0.000421,108,,596583,9 11 13 14,9 12 13 14
154,40,known,1,1,0.000015,4,,596583,9 11 13 14,9 11 13 14
155,40,brute,1,1,0.088477,130321,1,246483,4 3 8 13,4 3 8 13
155,40,columns,1,1,0.000495,108,,246483,4 3 8 13,4 3 8 13
155,40,known,1,1,0.000017,4,,246483,4 3 8 13,4 3 8 13
156,40,brute,0,0,0.087009,130321,19,360130,3 12 3 5,3 14 16 5
156,40,columns,0,0,0.000430,108,,360130,3 12 3 5,3 25 16 5
156,40,known,1,1,0.000017,4,,360130,3 12 3 5,3 12 3 5
157,40,brute,1,1,0.078203,130321,1,122198,12 3 12 6,12 3 12 6
157,40,columns,0,0,0.000320,108,,122198,12 3 12 6,5 3 12 6
157,40,known,1,1,0.000018,4,,122198,12 3 12 6,12 3 12 6
158,40,brute,0,0,0.071361,130321,64,642726,6 5 9 3,11 5 9 2
158,40,columns,0,0,0.000304,108,,642726,6 5 9 3,10 5 9 26
158,40,known,1,1,0.000016,4,,642726,6 5 9 3,6 5 9 3
159,40,brute,0,0,0.070252,130321,3,127123,15 10 11 18,15 1 11 18
159,40,columns,0,0,0.000267,108,,127123,15 10 11 18,15 10 25 18
159,40,known,1,1,0.000014,4,,127123,15 10 11 18,15 10 11 18
160,40,brute,1,1,0.078973,130321,1,232432,10 3 17 1,10 3 17 1
160,40,columns,1,1,0.000446,108,,232432,10 3 17 1,10 3 17 1
160,40,known,1,1,0.000016,4,,232432,10 3 17 1,10 3 17 1
161,40,brute,1,1,0.068524,130321,1,528688,10 5 8 6,10 5 8 6
161,40,columns,1,1,0.000423,108,,528688,10 5 8 6,10 5 8 6
161,40,known,1,1,0.000016,4,,528688,10 5 8 6,10 5 8 6
162,40,brute,0,0,0.069055,130321,6,189262,3 6 11 8,16 6 5 7
162,40,columns,1,1,0.000400,108,,189262,3 6 11 8,3 6 11 8
162,40,known,1,1,0.000014,4,,189262,3 6 11 8,3 6 11 8
163,40,brute,0,0,0.068805,130321,2,81486,4 11 13 11,4 11 5 11
163,40,columns,0,0,0.000388,108,,81486,4 11 13 11,4 11 25 11
163,40,known,1,1,0.000014,4,,81486,4 11 13 11,4 11 13 11
164,40,brute,1,1,0.067038,130321,1,245611,3 12 11 14,3 12 11 14
164,40,columns,1,1,0.000243,108,,245611,3 12 11 14,3 12 11 14
164,40,known,1,1,0.000015,4,,245611,3 12 11 14,3 12 11 14
165,40,brute,0,0,0.070531,130321,2,362008,11 10 10 13,11 17 10 13
165,40,columns,1,1,0.000282,108,,362008,11 10 10 13,11 10 10 13
165,40,known,1,1,0.000015,4,,362008,11 10 10 13,11 10 10 13
166,40,brute,0,0,0.073606,130321,31,545417,10 2 3 6,10 9 16 6
166,40,columns,0,0,0.000231,108,,545417,10 2 3 6,10 2 16 6
166,40,known,1,1,0.000016,4,,545417,10 2 3 6,10 2 3 6
167,40,brute,1,1,0.068964,130321,1,627825,12 6 4 18,12 6 4 18
167,40,columns,1,1,0.000226,108,,627825,12 6 4 18,12 6 4 18
167,40,known,1,1,0.000015,4,,627825,12 6 4 18,12 6 4 18
168,40,brute,0,0,0.079660,130321,6,624854,12 13 5 0,12 4 16 0
168,40,columns,0,0,0.000242,108,,624854,12 13 5 0,12 13 16 0
168,40,known,1,1,0.000015,4,,624854,12 13 5 0,12 13 5 0
169,40,brute,1,1,0.086820,130321,1,103997,9 15 14 6,9 15 14 6
169,40,columns,1,1,0.000450,108,,103997,9 15 14 6,9 15 14 6
169,40,known,1,1,0.000022,4,,103997,9 15 14 6,9 15 14 6
170,40,brute,0,0,0.074727,130321,5,244152,11 7 6 3,11 18 6 3
170,40,columns,0,0,0.000446,108,,244152,11 7 6 3,11 7 24 18
170,40,known,1,1,0.000017,4,,244152,11 7 6 3,11 7 6 3
171,40,brute,0,0,0.076060,130321,76,489147,16 11 10 12,16 0 10 12
171,40,columns,0,0,0.000515,108,,489147,16 11 10 12,16 0 10 12
171,40,known,1,1,0.000020,4,,489147,16 11 10 12,16 11 10 12
172,40,brute,1,1,0.077445,130321,1,442597,14 9 17 9,14 9 17 9
172,40,columns,0,0,0.000430,108,,442597,14 9 17 9,14 9 17 19
172,40,known,1,1,0.000016,4,,442597,14 9 17 9,14 9 17 9
173,40,brute,1,1,0.075067,130321,1,58466,9 11 16 5,9 11 16 5
173,40,columns,1,1,0.000417,108,,58466,9 11 16 5,9 11 16 5
173,40,known,1,1,0.000018,4,,58466,9 11 16 5,9 11 16 5
174,40,brute,1,1,0.089342,130321,1,270557,10 7 7 10,10 7 7 10
174,40,columns,1,1,0.000274,108,,270557,10 7 7 10,10 7 7 10
174,40,known,1,1,0.000017,4,,270557,10 7 7 10,10 7 7 10
175,40,brute,0,0,0.089130,130321,18,175442,5 12 5 8,5 12 5 7
175,40,columns,1,1,0.000281,108,,175442,5 12 5 8,5 12 5 8
175,40,known,1,1,0.000017,4,,175442,5 12 5 8,5 12 5 8
176,40,brute,0,0,0.073811,130321,3,39128,5 14 5 11,5 0 5 11
176,40,columns,0,0,0.000554,108,,39128,5 14 5 11,5 14 18 11
176,40,known,1,1,0.000015,4,,39128,5 14 5 11,5 14 5 11
177,40,brute,1,1,0.070247,130321,1,359828,16 15 8 13,16 15 8 13
177,40,columns,1,1,0.000438,108,,359828,16 15 8 13,16 15 8 13
177,40,known,1,1,0.000015,4,,359828,16 15 8 13,16 15 8 13
178,40,brute,0,0,0.066915,130321,7,70548,11 9 7 9,11 9 6 9
178,40,columns,1,1,0.000364,108,,70548,11 9 7 9,11 9 7 9
178,40,known,1,1,0.000013,4,,70548,11 9 7 9,11 9 7 9
179,40,brute,1,1,0.076082,130321,1,183868,11 5 11 6,11 5 11 6
179,40,columns,0,0,0.000402,108,,183868,11 5 11 6,24 5 11 6
179,40,known,1,1,0.000014,4,,183868,11 5 11 6,11 5 11 6
180,40,brute,0,0,0.070444,130321,34,91080,10 1 11 11,10 1 5 4
180,40,columns,0,0,0.000403,108,,91080,10 1 11 11,10 1 8 2
180,40,known,1,1,0.000017,4,,91080,10 1 11 11,10 1 11 11
181,40,brute,0,0,0.071809,130321,2,310811,8 4 6 8,8 11 6 8
181,40,columns,0,0,0.000230,108,,310811,8 4 6 8,22 26 6 8
181,40,known,1,1,0.000013,4,,310811,8 4 6 8,8 4 6 8
182,40,brute,0,0,0.070729,130321,23,260797,15 8 13 9,15 8 13 14
182,40,columns,0,0,0.000225,108,,260797,15 8 13 9,15 8 13 14
182,40,known,1,1,0.000014,4,,260797,15 8 13 9,15 8 13 9
183,40,brute,0,0,0.073297,130321,58,154505,11 14 8 11,0 14 8 3
183,40,columns,0,0,0.000243,108,,154505,11 14 8 11,0 14 8 3
183,40,known,1,1,0.000016,4,,154505,11 14 8 11,11 14 8 11
184,40,brute,0,0,0.070616,130321,15,298296,10 10 9 9,10 10 9 18
184,40,columns,0,0,0.000221,108,,298296,10 10 9 9,10 2 9 9
184,40,known,1,1,0.000013,4,,298296,10 10 9 9,10 10 9 9
185,40,brute,0,0,0.075540,130321,9,433884,8 9 13 14,8 9 13 1
185,40,columns,0,0,0.000252,108,,433884,8 9 13 14,8 9 26 0
185,40,known,1,1,0.000016,4,,433884,8 9 13 14,8 9 13 14
186,40,brute,0,0,0.076803,130321,24,614819,9 16 10 11,2 1 10 11
186,40,columns,0,0,0.000587,108,,614819,9 16 10 11,2 16 10 11
186,40,known,1,1,0.000021,4,,614819,9 16 10 11,9 16 10 11
187,40,brute,0,0,0.077977,130321,15,507783,9 12 5 13,9 11 5 13
187,40,columns,0,0,0.000396,108,,507783,9 12 5 13,12 12 5 13
187,40,known,1,1,0.000015,4,,507783,9 12 5 13,9 12 5 13
188,40,brute,0,0,0.082077,130321,9,471376,9 8 8 3,9 8 1 15
188,40,columns,0,0,0.000516,108,,471376,9 8 8 3,9 8 1 3
188,40,known,1,1,0.000018,4,,471376,9 8 8 3,9 8 8 3
189,40,brute,0,0,0.089640,130321,2,157392,16 10 6 10,16 10 6 2
189,40,columns,1,1,0.000410,108,,157392,16 10 6 10,16 10 6 10
189,40,known,1,1,0.000017,4,,157392,16 10 6 10,16 10 6 10
190,40,brute,0,0,0.115228,130321,16,469317,11 6 9 10,5 6 14 10
190,40,columns,0,0,0.000590,108,,469317,11 6 9 10,11 6 22 10
190,40,known,1,1,0.000018,4,,469317,11 6 9 10,11 6 9 10
191,40,brute,1,1,0.106039,130321,1,31157,9 6 15 13,9 6 15 13
191,40,columns,1,1,0.000303,108,,31157,9 6 15 13,9 6 15 13
191,40,known,1,1,0.000016,4,,31157,9 6 15 13,9 6 15 13
192,40,brute,1,1,0.136370,130321,1,1951,5 5 7 7,5 5 7 7
192,40,columns,1,1,0.000354,108,,1951,5 5 7 7,5 5 7 7
192,40,known,1,1,0.000020,4,,1951,5 5 7 7,5 5 7 7
193,40,brute,0,0,0.152854,130321,6,209439,14 12 3 7,12 12 16 7
193,40,columns,0,0,0.000331,108,,209439,14 12 3 7,14 12 16 7
193,40,known,1,1,0.000018,4,,209439,14 12 3 7,14 12 3 7
194,40,brute,1,1,0.115817,130321,1,275565,11 16 2 11,11 16 2 11
194,40,columns,0,0,0.000527,108,,275565,11 16 2 11,11 16 3 11
194,40,known,1,1,0.000018,4,,275565,11 16 2 11,11 16 2 11
195,40,brute,0,0,0.109173,130321,37,89010,8 8 9 15,7 8 9 15
195,40,columns,0,0,0.000495,108,,89010,8 8 9 15,1 8 9 15
195,40,known,1,1,0.000018,4,,89010,8 8 9 15,8 8 9 15
196,40,brute,0,0,0.110879,130321,7,338025,11 17 9 9,11 11 9 9
196,40,columns,0,0,0.002260,108,,338025,11 17 9 9,19 26 9 9
196,40,known,1,1,0.000027,4,,338025,11 17 9 9,11 17 9 9
197,40,brute,1,1,0.117155,130321,1,90313,11 11 4 14,11 11 4 14
197,40,columns,0,0,0.001163,108,,90313,11 11 4 14,25 11 4 14
197,40,known,1,1,0.000030,4,,90313,11 11 4 14,11 11 4 14
198,40,brute,1,1,0.102728,130321,1,56455,12 12 5 9,12 12 5 9
198,40,columns,0,0,0.000231,108,,56455,12 12 5 9,19 12 5 9
198,40,known,1,1,0.000015,4,,56455,12 12 5 9,12 12 5 9
199,40,brute,0,0,0.088785,130321,109,426868,16 4 13 13,6 4 9 13
199,40,columns,0,0,0.000264,108,,426868,16 4 13 13,20 4 9 13
199,40,known,1,1,0.000017,4,,426868,16 4 13 13,16 4 13 13
0,80,brute,1,1,0.085240,130321,1,248890,9 4 8 12,9 4 8 12
0,80,columns,1,1,0.000278,108,,248890,9 4 8 12,9 4 8 12
0,80,known,1,1,0.000015,4,,248890,9 4 8 12,9 4 8 12
1,80,brute,1,1,0.092941,130321,1,96110,18 11 11 11,18 11 11 11
1,80,columns,1,1,0.000308,108,,96110,18 11 11 11,18 11 11 11
1,80,known,1,1,0.000022,4,,96110,18 11 11 11,18 11 11 11
2,80,brute,1,1,0.083222,130321,1,100372,10 1 14 12,10 1 14 12
2,80,columns,1,1,0.000262,108,,100372,10 1 14 12,10 1 14 12
2,80,known,1,1,0.000016,4,,100372,10 1 14 12,10 1 14 12
3,80,brute,1,1,0.078809,130321,1,605528,13 10 11 12,13 10 11 12
3,80,columns,1,1,0.000459,108,,605528,13 10 11 12,13 10 11 12
3,80,known,1,1,0.000017,4,,605528,13 10 11 12,13 10 11 12
4,80,brute,0,0,0.084847,130321,2,566155,11 9 8 7,11 9 8 0
4,80,columns,1,1,0.000589,108,,566155,11 9 8 7,11 9 8 7
4,80,known,1,1,0.000018,4,,566155,11 9 8 7,11 9 8 7
5,80,brute,0,0,0.090945,130321,2,310805,11 8 6 7,11 7 6 7
5,80,columns,0,0,0.000589,108,,310805,11 8 6 7,11 7 6 7
5,80,known,1,1,0.000020,4,,310805,11 8 6 7,11 8 6 7
6,80,brute,1,1,0.087212,130321,1,128887,8 2 8 10,8 2 8 10
6,80,columns,1,1,0.000484,108,,128887,8 2 8 10,8 2 8 10
6,80,known,1,1,0.000016,4,,128887,8 2 8 10,8 2 8 10
7,80,brute,1,1,0.093366,130321,1,119332,8 9 5 13,8 9 5 13
7,80,columns,1,1,0.000536,108,,119332,8 9 5 13,8 9 5 13
7,80,known,1,1,0.000018,4,,119332,8 9 5 13,8 9 5 13
8,80,brute,0,0,0.087751,130321,2,638401,15 7 15 4,15 7 15 0
8,80,columns,0,0,0.000331,108,,638401,15 7 15 4,15 7 15 11
8,80,known,1,1,0.000019,4,,638401,15 7 15 4,15 7 15 4
9,80,brute,0,0,0.085851,130321,2,651963,6 0 3 7,6 0 3 0
9,80,columns,1,1,0.000326,108,,651963,6 0 3 7,6 0 3 7
9,80,known,1,1,0.000015,4,,651963,6 0 3 7,6 0 3 7
10,80,brute,1,1,0.085762,130321,1,502810,9 13 5 6,9 13 5 6
10,80,columns,1,1,0.000354,108,,502810,9 13 5 6,9 13 5 6
10,80,known,1,1,0.000015,4,,502810,9 13 5 6,9 13 5 6
11,80,brute,0,0,0.089259,130321,4,683096,11 10 8 11,18 10 8 11
11,80,columns,1,1,0.000512,108,,683096,11 10 8 11,11 10 8 11
11,80,known,1,1,0.000018,4,,683096,11 10 8 11,11 10 8 11
12,80,brute,0,0,0.085759,130321,2,541642,7 17 1 10,7 17 1 3
12,80,columns,0,0,0.000565,108,,541642,7 17 1 10,7 17 1 3
12,80,known,1,1,0.000018,4,,541642,7 17 1 10,7 17 1 10
13,80,brute,1,1,0.090302,130321,1,115464,9 15 11 1,9 15 11 1
13,80,columns,1,1,0.000537,108,,115464,9 15 11 1,9 15 11 1
13,80,known,1,1,0.000018,4,,115464,9 15 11 1,9 15 11 1
14,80,brute,1,1,0.091415,130321,1,283438,10 9 2 14,10 9 2 14
14,80,columns,1,1,0.000558,108,,283438,10 9 2 14,10 9 2 14
14,80,known,1,1,0.000026,4,,283438,10 9 2 14,10 9 2 14
15,80,brute,1,1,0.089442,130321,1,387752,8 12 7 1,8 12 7 1
15,80,columns,1,1,0.000273,108,,387752,8 12 7 1,8 12 7 1
15,80,known,1,1,0.000014,4,,387752,8 12 7 1,8 12 7 1
16,80,brute,0,0,0.085004,130321,3,492482,8 5 9 7,8 5 9 0
16,80,columns,1,1,0.000283,108,,492482,8 5 9 7,8 5 9 7
16,80,known,1,1,0.000015,4,,492482,8 5 9 7,8 5 9 7
17,80,brute,1,1,0.082618,130321,1,605002,7 12 11 8,7 12 11 8
17,80,columns,0,0,0.000271,108,,605002,7 12 11 8,4 12 11 8
17,80,known,1,1,0.000015,4,,605002,7 12 11 8,7 12 11 8
18,80,brute,1,1,0.083501,130321,1,179332,10 2 11 8,10 2 11 8
18,80,columns,1,1,0.000276,108,,179332,10 2 11 8,10 2 11 8
18,80,known,1,1,0.000018,4,,179332,10 2 11 8,10 2 11 8
19,80,brute,1,1,0.088833,130321,1,403137,8 10 12 11,8 10 12 11
19,80,columns,1,1,0.000266,108,,403137,8 10 12 11,8 10 12 11
19,80,known,1,1,0.000017,4,,403137,8 10 12 11,8 10 12 11
20,80,brute,0,0,0.079622,130321,3,105583,6 4 15 12,6 4 0 12
20,80,columns,1,1,0.000531,108,,105583,6 4 15 12,6 4 15 12
20,80,known,1,1,0.000019,4,,105583,6 4 15 12,6 4 15 12
21,80,brute,0,0,0.085941,130321,3,676850,11 9 8 2,11 9 15 2
21,80,columns,1,1,0.000472,108,,676850,11 9 8 2,11 9 8 2
21,80,known,1,1,0.000018,4,,676850,11 9 8 2,11 9 8 2
22,80,brute,1,1,0.087615,130321,1,280939,2 14 8 10,2 14 8 10
22,80,columns,1,1,0.000471,108,,280939,2 14 8 10,2 14 8 10
22,80,known,1,1,0.000018,4,,280939,2 14 8 10,2 14 8 10
23,80,brute,1,1,0.142540,130321,1,337133,10 7 9 9,10 7 9 9
23,80,columns,1,1,0.000546,108,,337133,10 7 9 9,10 7 9 9
23,80,known,1,1,0.000020,4,,337133,10 7 9 9,10 7 9 9
24,80,brute,1,1,0.132243,130321,1,151734,9 2 2 17,9 2 2 17
24,80,columns,1,1,0.000549,108,,151734,9 2 2 17,9 2 2 17
24,80,known,1,1,0.000020,4,,151734,9 2 2 17,9 2 2 17
25,80,brute,1,1,0.085388,130321,1,138745,1 8 11 12,1 8 11 12
25,80,columns,1,1,0.000318,108,,138745,1 8 11 12,1 8 11 12
25,80,known,1,1,0.000017,4,,138745,1 8 11 12,1 8 11 12
26,80,brute,0,0,0.077858,130321,3,6394,12 17 3 6,18 17 17 6
26,80,columns,1,1,0.000467,108,,6394,12 17 3 6,12 17 3 6
26,80,known,1,1,0.000021,4,,6394,12 17 3 6,12 17 3 6
27,80,brute,1,1,0.074329,130321,1,9182,0 18 14 2,0 18 14 2
27,80,columns,1,1,0.000302,108,,9182,0 18 14 2,0 18 14 2
27,80,known,1,1,0.000018,4,,9182,0 18 14 2,0 18 14 2
28,80,brute,0,0,0.068916,130321,4,296304,12 8 6 11,12 4 18 11
28,80,columns,0,0,0.000424,108,,296304,12 8 6 11,12 8 18 11
28,80,known,1,1,0.000016,4,,296304,12 8 6 11,12 8 6 11
29,80,brute,1,1,0.068413,130321,1,387906,14 13 9 9,14 13 9 9
29,80,columns,0,0,0.000389,108,,387906,14 13 9 9,14 0 9 9
29,80,known,1,1,0.000016,4,,387906,14 13 9 9,14 13 9 9
30,80,brute,1,1,0.072206,130321,1,80731,10 12 9 1,10 12 9 1
30,80,columns,1,1,0.000410,108,,80731,10 12 9 1,10 12 9 1
30,80,known,1,1,0.000017,4,,80731,10 12 9 1,10 12 9 1
31,80,brute,0,0,0.069528,130321,2,672770,8 8 7 6,0 8 7 6
31,80,columns,0,0,0.000391,108,,672770,8 8 7 6,20 8 7 22
31,80,known,1,1,0.000015,4,,672770,8 8 7 6,8 8 7 6
32,80,brute,1,1,0.070640,130321,1,381975,10 9 11 9,10 9 11 9
32,80,columns,1,1,0.000299,108,,381975,10 9 11 9,10 9 11 9
32,80,known,1,1,0.000018,4,,381975,10 9 11 9,10 9 11 9
33,80,brute,1,1,0.072251,130321,1,353383,13 8 11 8,13 8 11 8
33,80,columns,0,0,0.000363,108,,353383,13 8 11 8,13 8 25 8
33,80,known,1,1,0.000026,4,,353383,13 8 11 8,13 8 11 8
34,80,brute,0,0,0.074441,130321,4,379222,8 15 4 5,8 15 3 5
34,80,columns,1,1,0.000276,108,,379222,8 15 4 5,8 15 4 5
34,80,known,1,1,0.000018,4,,379222,8 15 4 5,8 15 4 5
35,80,brute,0,0,0.069083,130321,2,350441,7 4 9 18,7 4 16 18
35,80,columns,0,0,0.000271,108,,350441,7 4 9 18,7 4 16 18
35,80,known,1,1,0.000016,4,,350441,7 4 9 18,7 4 9 18
36,80,brute,1,1,0.073504,130321,1,602337,8 2 8 7,8 2 8 7
36,80,columns,1,1,0.000279,108,,602337,8 2 8 7,8 2 8 7
36,80,known,1,1,0.000018,4,,602337,8 2 8 7,8 2 8 7
37,80,brute,1,1,0.071937,130321,1,8610,2 9 6 14,2 9 6 14
37,80,columns,1,1,0.000463,108,,8610,2 9 6 14,2 9 6 14
37,80,known,1,1,0.000017,4,,8610,2 9 6 14,2 9 6 14
38,80,brute,0,0,0.071127,130321,27,421181,5 14 13 10,5 14 13 3
38,80,columns,1,1,0.000423,108,,421181,5 14 13 10,5 14 13 10
38,80,known,1,1,0.000015,4,,421181,5 14 13 10,5 14 13 10
39,80,brute,1,1,0.068911,130321,1,387082,17 15 12 6,17 15 12 6
39,80,columns,1,1,0.000523,108,,387082,17 15 12 6,17 15 12 6
39,80,known,1,1,0.000017,4,,387082,17 15 12 6,17 15 12 6
40,80,brute,1,1,0.070865,130321,1,102632,14 9 14 12,14 9 14 12
40,80,columns,1,1,0.000432,108,,102632,14 9 14 12,14 9 14 12
40,80,known,1,1,0.000015,4,,102632,14 9 14 12,14 9 14 12
41,80,brute,0,0,0.073254,130321,4,426676,13 13 5 1,12 13 5 1
41,80,columns,0,0,0.000607,108,,426676,13 13 5 1,9 13 5 1
41,80,known,1,1,0.000016,4,,426676,13 13 5 1,13 13 5 1
42,80,brute,0,0,0.071288,130321,2,109022,7 6 9 13,7 6 2 13
42,80,columns,0,0,0.000461,108,,109022,7 6 9 13,7 6 22 13
42,80,known,1,1,0.000016,4,,109022,7 6 9 13,7 6 9 13
43,80,brute,1,1,0.074245,130321,1,358639,7 6 7 7,7 6 7 7
43,80,columns,1,1,0.000566,108,,358639,7 6 7 7,7 6 7 7
43,80,known,1,1,0.000019,4,,358639,7 6 7 7,7 6 7 7
44,80,brute,1,1,0.069937,130321,1,303687,7 10 5 6,7 10 5 6
44,80,columns,1,1,0.000284,108,,303687,7 10 5 6,7 10 5 6
44,80,known,1,1,0.000015,4,,303687,7 10 5 6,7 10 5 6
45,80,brute,1,1,0.067154,130321,1,205414,11 16 11 15,11 16 11 15
45,80,columns,1,1,0.000499,108,,205414,11 16 11 15,11 16 11 15
45,80,known,1,1,0.000042,4,,205414,11 16 11 15,11 16 11 15
46,80,brute,1,1,0.070838,130321,1,422035,3 0 8 6,3 0 8 6
46,80,columns,1,1,0.000421,108,,422035,3 0 8 6,3 0 8 6
46,80,known,1,1,0.000024,4,,422035,3 0 8 6,3 0 8 6
47,80,brute,0,0,0.066908,130321,4,254095,13 12 9 13,13 12 2 13
47,80,columns,1,1,0.000462,108,,254095,13 12 9 13,13 12 9 13
47,80,known,1,1,0.000020,4,,254095,13 12 9 13,13 12 9 13
48,80,brute,0,0,0.070853,130321,2,260166,10 3 15 7,10 3 15 15
48,80,columns,1,1,0.000507,108,,260166,10 3 15 7,10 3 15 7
48,80,known,1,1,0.000023,4,,260166,10 3 15 7,10 3 15 7
49,80,brute,0,0,0.067061,130321,3,208390,8 11 2 3,7 11 2 16
49,80,columns,0,0,0.000237,108,,208390,8 11 2 3,7 11 2 26
49,80,known,1,1,0.000014,4,,208390,8 11 2 3,8 11 2 3
50,80,brute,1,1,0.066962,130321,1,547993,13 14 11 11,13 14 11 11
50,80,columns,1,1,0.000281,108,,547993,13 14 11 11,13 14 11 11
50,80,known,1,1,0.000014,4,,547993,13 14 11 11,13 14 11 11
51,80,brute,0,0,0.068834,130321,2,374482,1 7 9 18,1 7 9 11
51,80,columns,1,1,0.000261,108,,374482,1 7 9 18,1 7 9 18
51,80,known,1,1,0.000017,4,,374482,1 7 9 18,1 7 9 18
52,80,brute,1,1,0.068338,130321,1,650862,13 3 16 9,13 3 16 9
52,80,columns,0,0,0.000255,108,,650862,13 3 16 9,13 3 15 9
52,80,known,1,1,0.000015,4,,650862,13 3 16 9,13 3 16 9
53,80,brute,1,1,0.063720,130321,1,649200,10 11 12 13,10 11 12 13
53,80,columns,1,1,0.000314,108,,649200,10 11 12 13,10 11 12 13
53,80,known,1,1,0.000016,4,,649200,10 11 12 13,10 11 12 13
54,80,brute,1,1,0.068483,130321,1,574485,9 6 1 11,9 6 1 11
54,80,columns,1,1,0.000460,108,,574485,9 6 1 11,9 6 1 11
54,80,known,1,1,0.000016,4,,574485,9 6 1 11,9 6 1 11
55,80,brute,1,1,0.066748,130321,1,401924,12 8 3 12,12 8 3 12
55,80,columns,0,0,0.000469,108,,401924,12 8 3 12,12 1 3 12
55,80,known,1,1,0.000015,4,,401924,12 8 3 12,12 8 3 12
56,80,brute,0,0,0.069423,130321,9,448927,11 10 16 8,4 10 16 8
56,80,columns,0,0,0.000461,108,,448927,11 10 16 8,4 10 16 8
56,80,known,1,1,0.000014,4,,448927,11 10 16 8,11 10 16 8
57,80,brute,1,1,0.072331,130321,1,353422,10 5 7 10,10 5 7 10
57,80,columns,0,0,0.000545,108,,353422,10 5 7 10,10 5 7 24
57,80,known,1,1,0.000030,4,,353422,10 5 7 10,10 5 7 10
58,80,brute,1,1,0.068423,130321,1,308665,12 15 9 8,12 15 9 8
58,80,columns,1,1,0.000432,108,,308665,12 15 9 8,12 15 9 8
58,80,known,1,1,0.000015,4,,308665,12 15 9 8,12 15 9 8
59,80,brute,0,0,0.067571,130321,3,312148,10 14 8 7,10 14 8 2
59,80,columns,1,1,0.000302,108,,312148,10 14 8 7,10 14 8 7
59,80,known,1,1,0.000016,4,,312148,10 14 8 7,10 14 8 7
60,80,brute,1,1,0.069282,130321,1,205948,10 12 6 12,10 12 6 12
60,80,columns,1,1,0.000439,108,,205948,10 12 6 12,10 12 6 12
60,80,known,1,1,0.000016,4,,205948,10 12 6 12,10 12 6 12
61,80,brute,1,1,0.070694,130321,1,75860,8 7 4 15,8 7 4 15
61,80,columns,1,1,0.000304,108,,75860,8 7 4 15,8 7 4 15
61,80,known,1,1,0.000017,4,,75860,8 7 4 15,8 7 4 15
62,80,brute,1,1,0.069661,130321,1,397047,6 16 12 5,6 16 12 5
62,80,columns,1,1,0.000479,108,,397047,6 16 12 5,6 16 12 5
62,80,known,1,1,0.000015,4,,397047,6 16 12 5,6 16 12 5
63,80,brute,0,0,0.068695,130321,2,564162,10 9 9 8,10 9 9 15
63,80,columns,1,1,0.000447,108,,564162,10 9 9 8,10 9 9 8
63,80,known,1,1,0.000014,4,,564162,10 9 9 8,10 9 9 8
64,80,brute,0,0,0.069227,130321,2,495002,5 12 2 8,12 12 2 8
64,80,columns,0,0,0.000457,108,,495002,5 12 2 8,12 12 2 8
64,80,known,1,1,0.000015,4,,495002,5 12 2 8,5 12 2 8
65,80,brute,0,0,0.070065,130321,4,171088,5 5 5 13,17 5 5 13
65,80,columns,0,0,0.000515,108,,171088,5 5 5 13,17 5 5 13
65,80,known,1,1,0.000017,4,,171088,5 5 5 13,5 5 5 13
66,80,brute,1,1,0.074184,130321,1,470614,8 8 8 6,8 8 8 6
66,80,columns,1,1,0.000398,108,,470614,8 8 8 6,8 8 8 6
66,80,known,1,1,0.000017,4,,470614,8 8 8 6,8 8 8 6
67,80,brute,0,0,0.072257,130321,3,546897,4 8 14 14,4 8 6 14
67,80,columns,0,0,0.000251,108,,546897,4 8 14 14,4 20 26 14
67,80,known,1,1,0.000015,4,,546897,4 8 14 14,4 8 14 14
68,80,brute,1,1,0.066819,130321,1,303402,14 9 10 7,14 9 10 7
68,80,columns,1,1,0.000337,108,,303402,14 9 10 7,14 9 10 7
68,80,known,1,1,0.000016,4,,303402,14 9 10 7,14 9 10 7
69,80,brute,1,1,0.072117,130321,1,560170,1 0 13 8,1 0 13 8
69,80,columns,0,0,0.000304,108,,560170,1 0 13 8,1 0 26 8
69,80,known,1,1,0.000033,4,,560170,1 0 13 8,1 0 13 8
70,80,brute,1,1,0.072264,130321,1,559449,11 9 7 10,11 9 7 10
70,80,columns,1,1,0.000279,108,,559449,11 9 7 10,11 9 7 10
70,80,known,1,1,0.000016,4,,559449,11 9 7 10,11 9 7 10
71,80,brute,1,1,0.075825,130321,1,117451,12 16 8 6,12 16 8 6
71,80,columns,0,0,0.000515,108,,117451,12 16 8 6,19 16 8 6
71,80,known,1,1,0.000016,4,,117451,12 16 8 6,12 16 8 6
72,80,brute,1,1,0.097023,130321,1,41933,13 12 10 11,13 12 10 11
72,80,columns,1,1,0.000636,108,,41933,13 12 10 11,13 12 10 11
72,80,known,1,1,0.000021,4,,41933,13 12 10 11,13 12 10 11
73,80,brute,1,1,0.179424,130321,1,550569,5 10 13 12,5 10 13 12
73,80,columns,0,0,0.000554,108,,550569,5 10 13 12,5 10 26 12
73,80,known,1,1,0.000017,4,,550569,5 10 13 12,5 10 13 12
74,80,brute,1,1,0.082184,130321,1,84020,11 7 15 10,11 7 15 10
74,80,columns,1,1,0.000488,108,,84020,11 7 15 10,11 7 15 10
74,80,known,1,1,0.000019,4,,84020,11 7 15 10,11 7 15 10
75,80,brute,0,0,0.074104,130321,3,628568,13 17 7 7,13 17 7 12
75,80,columns,0,0,0.000506,108,,628568,13 17 7 7,13 17 7 12
75,80,known,1,1,0.000019,4,,628568,13 17 7 7,13 17 7 7
76,80,brute,0,0,0.076028,130321,2,119461,18 16 5 5,4 16 5 5
76,80,columns,1,1,0.000506,108,,119461,18 16 5 5,18 16 5 5
76,80,known,1,1,0.000078,4,,119461,18 16 5 5,18 16 5 5
77,80,brute,1,1,0.073351,130321,1,566822,6 5 13 8,6 5 13 8
77,80,columns,1,1,0.000464,108,,566822,6 5 13 8,6 5 13 8
77,80,known,1,1,0.000016,4,,566822,6 5 13 8,6 5 13 8
78,80,brute,0,0,0.071404,130321,3,130405,6 7 0 17,6 7 0 4
78,80,columns,1,1,0.000317,108,,130405,6 7 0 17,6 7 0 17
78,80,known,1,1,0.000018,4,,130405,6 7 0 17,6 7 0 17
79,80,brute,1,1,0.072464,130321,1,578734,3 13 1 6,3 13 1 6
79,80,columns,1,1,0.000326,108,,578734,3 13 1 6,3 13 1 6
79,80,known,1,1,0.000016,4,,578734,3 13 1 6,3 13 1 6
80,80,brute,0,0,0.068943,130321,207,672015,1 11 9 11,1 11 8 11
80,80,columns,0,0,0.000250,108,,672015,1 11 9 11,1 25 8 11
80,80,known,1,1,0.000015,4,,672015,1 11 9 11,1 11 9 11
81,80,brute,0,0,0.066395,130321,7,320013,13 8 8 12,13 8 8 9
81,80,columns,0,0,0.000502,108,,320013,13 8 8 12,13 8 8 24
81,80,known,1,1,0.000015,4,,320013,13 8 8 12,13 8 8 12
82,80,brute,1,1,0.068954,130321,1,429544,12 9 5 7,12 9 5 7
82,80,columns,1,1,0.000468,108,,429544,12 9 5 7,12 9 5 7
82,80,known,1,1,0.000016,4,,429544,12 9 5 7,12 9 5 7
83,80,brute,1,1,0.072123,130321,1,498215,7 13 9 12,7 13 9 12
83,80,columns,1,1,0.000249,108,,498215,7 13 9 12,7 13 9 12
83,80,known,1,1,0.000014,4,,498215,7 13 9 12,7 13 9 12
84,80,brute,1,1,0.069380,130321,1,12856,9 13 8 2,9 13 8 2
84,80,columns,0,0,0.000359,108,,12856,9 13 8 2,6 13 8 2
84,80,known,1,1,0.000016,4,,12856,9 13 8 2,9 13 8 2
85,80,brute,1,1,0.071988,130321,1,424422,2 12 8 14,2 12 8 14
85,80,columns,1,1,0.000401,108,,424422,2 12 8 14,2 12 8 14
85,80,known,1,1,0.000016,4,,424422,2 12 8 14,2 12 8 14
86,80,brute,1,1,0.071455,130321,1,38687,1 13 11 17,1 13 11 17
86,80,columns,1,1,0.000448,108,,38687,1 13 11 17,1 13 11 17
86,80,known,1,1,0.000018,4,,38687,1 13 11 17,1 13 11 17
87,80,brute,1,1,0.067053,130321,1,167200,8 7 9 10,8 7 9 10
87,80,columns,1,1,0.000486,108,,167200,8 7 9 10,8 7 9 10
87,80,known,1,1,0.000014,4,,167200,8 7 9 10,8 7 9 10
88,80,brute,1,1,0.069441,130321,1,420219,9 9 7 7,9 9 7 7
88,80,columns,1,1,0.000385,108,,420219,9 9 7 7,9 9 7 7
88,80,known,1,1,0.000014,4,,420219,9 9 7 7,9 9 7 7
89,80,brute,1,1,0.065704,130321,1,468956,15 4 3 5,15 4 3 5
89,80,columns,1,1,0.000300,108,,468956,15 4 3 5,15 4 3 5
89,80,known,1,1,0.000015,4,,468956,15 4 3 5,15 4 3 5
90,80,brute,1,1,0.068251,130321,1,406985,16 4 12 9,16 4 12 9
90,80,columns,1,1,0.000292,108,,406985,16 4 12 9,16 4 12 9
90,80,known,1,1,0.000015,4,,406985,16 4 12 9,16 4 12 9
91,80,brute,1,1,0.071225,130321,1,97587,7 10 10 4,7 10 10 4
91,80,columns,0,0,0.000490,108,,97587,7 10 10 4,7 18 10 4
91,80,known,1,1,0.000018,4,,97587,7 10 10 4,7 10 10 4
92,80,brute,1,1,0.069424,130321,1,236405,9 5 7 14,9 5 7 14
92,80,columns,1,1,0.000437,108,,236405,9 5 7 14,9 5 7 14
92,80,known,1,1,0.000014,4,,236405,9 5 7 14,9 5 7 14
93,80,brute,0,0,0.067637,130321,2,681617,12 4 1 9,12 4 14 9
93,80,columns,1,1,0.000407,108,,681617,12 4 1 9,12 4 1 9
93,80,known,1,1,0.000014,4,,681617,12 4 1 9,12 4 1 9
94,80,brute,0,0,0.065271,130321,36,32372,9 10 12 13,9 10 9 13
94,80,columns,0,0,0.000564,108,,32372,9 10 12 13,9 24 25 13
94,80,known,1,1,0.000014,4,,32372,9 10 12 13,9 10 12 13
95,80,brute,1,1,0.072895,130321,1,575785,1 8 8 18,1 8 8 18
95,80,columns,1,1,0.000290,108,,575785,1 8 8 18,1 8 8 18
95,80,known,1,1,0.000042,4,,575785,1 8 8 18,1 8 8 18
96,80,brute,1,1,0.070907,130321,1,583989,13 2 6 13,13 2 6 13
96,80,columns,0,0,0.000403,108,,583989,13 2 6 13,13 2 13 13
96,80,known,1,1,0.000014,4,,583989,13 2 6 13,13 2 6 13
97,80,brute,1,1,0.068689,130321,1,431947,14 5 3 12,14 5 3 12
97,80,columns,0,0,0.000282,108,,431947,14 5 3 12,14 5 17 12
97,80,known,1,1,0.000016,4,,431947,14 5 3 12,14 5 3 12
98,80,brute,0,0,0.067480,130321,3,168877,4 8 10 13,12 8 10 13
98,80,columns,0,0,0.000489,108,,168877,4 8 10 13,12 8 10 13
98,80,known,1,1,0.000015,4,,168877,4 8 10 13,4 8 10 13
99,80,brute,1,1,0.068536,130321,1,418841,9 7 0 4,9 7 0 4
99,80,columns,1,1,0.000423,108,,418841,9 7 0 4,9 7 0 4
99,80,known,1,1,0.000014,4,,418841,9 7 0 4,9 7 0 4
100,80,brute,1,1,0.066476,130321,1,484254,8 8 9 15,8 8 9 15
100,80,columns,1,1,0.000269,108,,484254,8 8 9 15,8 8 9 15
100,80,known,1,1,0.000017,4,,484254,8 8 9 15,8 8 9 15
101,80,brute,1,1,0.066882,130321,1,63993,2 4 11 9,2 4 11 9
101,80,columns,1,1,0.000268,108,,63993,2 4 11 9,2 4 11 9
101,80,known,1,1,0.000014,4,,63993,2 4 11 9,2 4 11 9
102,80,brute,1,1,0.066815,130321,1,310904,7 15 12 12,7 15 12 12
102,80,columns,1,1,0.000335,108,,310904,7 15 12 12,7 15 12 12
102,80,known,1,1,0.000015,4,,310904,7 15 12 12,7 15 12 12
103,80,brute,1,1,0.069651,130321,1,532899,14 14 11 7,14 14 11 7
103,80,columns,1,1,0.000469,108,,532899,14 14 11 7,14 14 11 7
103,80,known,1,1,0.000023,4,,532899,14 14 11 7,14 14 11 7
104,80,brute,1,1,0.066400,130321,1,581084,6 10 9 8,6 10 9 8
104,80,columns,0,0,0.000409,108,,581084,6 10 9 8,6 10 9 15
104,80,known,1,1,0.000014,4,,581084,6 10 9 8,6 10 9 8
105,80,brute,0,0,0.069472,130321,2,300817,15 7 8 10,15 14 8 10
105,80,columns,1,1,0.000428,108,,300817,15 7 8 10,15 7 8 10
105,80,known,1,1,0.000016,4,,300817,15 7 8 10,15 7 8 10
106,80,brute,1,1,0.073819,130321,1,280301,14 13 10 6,14 13 10 6
106,80,columns,1,1,0.000395,108,,280301,14 13 10 6,14 13 10 6
106,80,known,1,1,0.000016,4,,280301,14 13 10 6,14 13 10 6
107,80,brute,1,1,0.073334,130321,1,655691,9 15 8 6,9 15 8 6
107,80,columns,1,1,0.000440,108,,655691,9 15 8 6,9 15 8 6
107,80,known,1,1,0.000019,4,,655691,9 15 8 6,9 15 8 6
108,80,brute,0,0,0.071664,130321,3,17204,14 18 12 13,14 4 12 13
108,80,columns,0,0,0.000461,108,,17204,14 18 12 13,14 4 12 13
108,80,known,1,1,0.000015,4,,17204,14 18 12 13,14 18 12 13
109,80,brute,1,1,0.066872,130321,1,341371,8 8 3 5,8 8 3 5
109,80,columns,1,1,0.000397,108,,341371,8 8 3 5,8 8 3 5
109,80,known,1,1,0.000028,4,,341371,8 8 3 5,8 8 3 5
110,80,brute,0,0,0.075956,130321,5,86055,18 13 12 2,18 13 12 9
110,80,columns,0,0,0.000418,108,,86055,18 13 12 2,18 13 12 9
110,80,known,1,1,0.000015,4,,86055,18 13 12 2,18 13 12 2
111,80,brute,0,0,0.080932,130321,2,338981,8 3 2 8,8 3 2 15
111,80,columns,0,0,0.000430,108,,338981,8 3 2 8,8 3 2 15
111,80,known,1,1,0.000015,4,,338981,8 3 2 8,8 3 2 8
112,80,brute,0,0,0.082515,130321,2,88184,7 13 11 7,7 17 11 7
112,80,columns,0,0,0.000257,108,,88184,7 13 11 7,7 17 11 7
112,80,known,1,1,0.000017,4,,88184,7 13 11 7,7 13 11 7
113,80,brute,0,0,0.083670,130321,3,524815,8 7 11 5,8 9 11 5
113,80,columns,1,1,0.000291,108,,524815,8 7 11 5,8 7 11 5
113,80,known,1,1,0.000016,4,,524815,8 7 11 5,8 7 11 5
114,80,brute,1,1,0.083014,130321,1,89379,3 9 6 2,3 9 6 2
114,80,columns,1,1,0.000318,108,,89379,3 9 6 2,3 9 6 2
114,80,known,1,1,0.000017,4,,89379,3 9 6 2,3 9 6 2
115,80,brute,1,1,0.067163,130321,1,376655,5 6 6 5,5 6 6 5
115,80,columns,0,0,0.000418,108,,376655,5 6 6 5,18 6 6 5
115,80,known,1,1,0.000016,4,,376655,5 6 6 5,5 6 6 5
116,80,brute,0,0,0.067712,130321,3,329429,5 16 3 4,18 16 3 4
116,80,columns,0,0,0.000438,108,,329429,5 16 3 4,18 16 3 4
116,80,known,1,1,0.000015,4,,329429,5 16 3 4,5 16 3 4
117,80,brute,0,0,0.065034,130321,8,262179,3 7 2 11,3 15 2 11
117,80,columns,1,1,0.000254,108,,262179,3 7 2 11,3 7 2 11
117,80,known,1,1,0.000016,4,,262179,3 7 2 11,3 7 2 11
118,80,brute,0,0,0.062320,130321,2,275213,5 11 8 13,5 11 8 12
118,80,columns,1,1,0.000498,108,,275213,5 11 8 13,5 11 8 13
118,80,known,1,1,0.000017,4,,275213,5 11 8 13,5 11 8 13
119,80,brute,0,0,0.067804,130321,2,444446,9 13 6 10,9 6 6 10
119,80,columns,0,0,0.000280,108,,444446,9 13 6 10,4 13 6 10
119,80,known,1,1,0.000017,4,,444446,9 13 6 10,9 13 6 10
120,80,brute,1,1,0.064949,130321,1,168492,8 3 5 2,8 3 5 2
120,80,columns,1,1,0.000404,108,,168492,8 3 5 2,8 3 5 2
120,80,known,1,1,0.000036,4,,168492,8 3 5 2,8 3 5 2
121,80,brute,1,1,0.064471,130321,1,348505,9 6 12 7,9 6 12 7
121,80,columns,1,1,0.000440,108,,348505,9 6 12 7,9 6 12 7
121,80,known,1,1,0.000016,4,,348505,9 6 12 7,9 6 12 7
122,80,brute,0,0,0.066317,130321,2,229126,9 2 15 5,0 2 15 5
122,80,columns,1,1,0.000564,108,,229126,9 2 15 5,9 2 15 5
122,80,known,1,1,0.000018,4,,229126,9 2 15 5,9 2 15 5
123,80,brute,1,1,0.071164,130321,1,114650,9 6 10 9,9 6 10 9
123,80,columns,1,1,0.000293,108,,114650,9 6 10 9,9 6 10 9
123,80,known,1,1,0.000015,4,,114650,9 6 10 9,9 6 10 9
124,80,brute,1,1,0.079782,130321,1,520674,15 12 7 7,15 12 7 7
124,80,columns,1,1,0.000362,108,,520674,15 12 7 7,15 12 7 7
124,80,known,1,1,0.000024,4,,520674,15 12 7 7,15 12 7 7
125,80,brute,1,1,0.068104,130321,1,291750,17 15 14 6,17 15 14 6
125,80,columns,1,1,0.000430,108,,291750,17 15 14 6,17 15 14 6
125,80,known,1,1,0.000016,4,,291750,17 15 14 6,17 15 14 6
126,80,brute,0,0,0.079239,130321,2,655937,9 12 5 7,9 9 5 7
126,80,columns,0,0,0.000446,108,,655937,9 12 5 7,9 9 5 7
126,80,known,1,1,0.000016,4,,655937,9 12 5 7,9 12 5 7
127,80,brute,0,0,0.082817,130321,2,522775,7 10 8 6,7 3 8 6
127,80,columns,0,0,0.000464,108,,522775,7 10 8 6,7 22 8 6
127,80,known,1,1,0.000015,4,,522775,7 10 8 6,7 10 8 6
128,80,brute,0,0,0.068895,130321,3,451769,8 12 10 15,8 12 10 3
128,80,columns,0,0,0.000460,108,,451769,8 12 10 15,8 12 10 20
128,80,known,1,1,0.000015,4,,451769,8 12 10 15,8 12 10 15
129,80,brute,1,1,0.069437,130321,1,670948,6 14 11 1,6 14 11 1
129,80,columns,1,1,0.000236,108,,670948,6 14 11 1,6 14 11 1
129,80,known,1,1,0.000014,4,,670948,6 14 11 1,6 14 11 1
130,80,brute,1,1,0.064587,130321,1,435260,10 7 16 13,10 7 16 13
130,80,columns,1,1,0.000368,108,,435260,10 7 16 13,10 7 16 13
130,80,known,1,1,0.000023,4,,435260,10 7 16 13,10 7 16 13
131,80,brute,0,0,0.064566,130321,5,73006,10 10 15 13,10 8 1 13
131,80,columns,0,0,0.000259,108,,73006,10 10 15 13,10 23 15 13
131,80,known,1,1,0.000014,4,,73006,10 10 15 13,10 10 15 13
132,80,brute,1,1,0.075486,130321,1,601451,15 7 12 6,15 7 12 6
132,80,columns,1,1,0.000435,108,,601451,15 7 12 6,15 7 12 6
132,80,known,1,1,0.000016,4,,601451,15 7 12 6,15 7 12 6
133,80,brute,1,1,0.076663,130321,1,193769,10 6 12 3,10 6 12 3
133,80,columns,1,1,0.000473,108,,193769,10 6 12 3,10 6 12 3
133,80,known,1,1,0.000016,4,,193769,10 6 12 3,10 6 12 3
134,80,brute,1,1,0.066696,130321,1,59175,12 12 8 15,12 12 8 15
134,80,columns,1,1,0.000246,108,,59175,12 12 8 15,12 12 8 15
134,80,known,1,1,0.000015,4,,59175,12 12 8 15,12 12 8 15
135,80,brute,1,1,0.063341,130321,1,683119,8 9 5 7,8 9 5 7
135,80,columns,0,0,0.000294,108,,683119,8 9 5 7,8 21 5 7
135,80,known,1,1,0.000016,4,,683119,8 9 5 7,8 9 5 7
136,80,brute,1,1,0.062928,130321,1,553800,7 7 7 8,7 7 7 8
136,80,columns,1,1,0.000260,108,,553800,7 7 7 8,7 7 7 8
136,80,known,1,1,0.000014,4,,553800,7 7 7 8,7 7 7 8
137,80,brute,1,1,0.063551,130321,1,10984,16 9 6 5,16 9 6 5
137,80,columns,0,0,0.000420,108,,10984,16 9 6 5,16 0 6 5
137,80,known,1,1,0.000015,4,,10984,16 9 6 5,16 9 6 5
138,80,brute,1,1,0.063172,130321,1,261028,8 8 9 9,8 8 9 9
138,80,columns,1,1,0.000448,108,,261028,8 8 9 9,8 8 9 9
138,80,known,1,1,0.000015,4,,261028,8 8 9 9,8 8 9 9
139,80,brute,0,0,0.063526,130321,2,284963,5 8 16 14,5 8 16 0
139,80,columns,1,1,0.000411,108,,284963,5 8 16 14,5 8 16 14
139,80,known,1,1,0.000014,4,,284963,5 8 16 14,5 8 16 14
140,80,brute,1,1,0.062456,130321,1,210245,6 9 6 10,6 9 6 10
140,80,columns,1,1,0.000280,108,,210245,6 9 6 10,6 9 6 10
140,80,known,1,1,0.000016,4,,210245,6 9 6 10,6 9 6 10
141,80,brute,0,0,0.060633,130321,2,324396,4 8 9 4,0 8 9 4
141,80,columns,1,1,0.000234,108,,324396,4 8 9 4,4 8 9 4
141,80,known,1,1,0.000015,4,,324396,4 8 9 4,4 8 9 4
142,80,brute,1,1,0.062657,130321,1,504307,11 6 15 11,11 6 15 11
142,80,columns,1,1,0.000432,108,,504307,11 6 15 11,11 6 15 11
142,80,known,1,1,0.000014,4,,504307,11 6 15 11,11 6 15 11
143,80,brute,0,0,0.060072,130321,6,596591,11 9 3 6,8 9 3 6
143,80,columns,0,0,0.000432,108,,596591,11 9 3 6,15 9 3 6
143,80,known,1,1,0.000027,4,,596591,11 9 3 6,11 9 3 6
144,80,brute,1,1,0.063865,130321,1,530307,11 4 6 9,11 4 6 9
144,80,columns,1,1,0.000513,108,,530307,11 4 6 9,11 4 6 9
144,80,known,1,1,0.000013,4,,530307,11 4 6 9,11 4 6 9
145,80,brute,1,1,0.060951,130321,1,375786,11 8 2 7,11 8 2 7
145,80,columns,1,1,0.000397,108,,375786,11 8 2 7,11 8 2 7
145,80,known,1,1,0.000013,4,,375786,11 8 2 7,11 8 2 7
146,80,brute,0,0,0.069106,130321,3,172034,4 15 14 16,17 15 14 16
146,80,columns,1,1,0.000228,108,,172034,4 15 14 16,4 15 14 16
146,80,known,1,1,0.000013,4,,172034,4 15 14 16,4 15 14 16
147,80,brute,1,1,0.065235,130321,1,152054,7 5 5 13,7 5 5 13
147,80,columns,1,1,0.000293,108,,152054,7 5 5 13,7 5 5 13
147,80,known,1,1,0.000015,4,,152054,7 5 5 13,7 5 5 13
148,80,brute,1,1,0.062665,130321,1,210517,11 12 10 1,11 12 10 1
148,80,columns,0,0,0.000274,108,,210517,11 12 10 1,11 12 10 20
148,80,known,1,1,0.000015,4,,210517,11 12 10 1,11 12 10 1
149,80,brute,1,1,0.064487,130321,1,125757,6 4 8 11,6 4 8 11
149,80,columns,1,1,0.000423,108,,125757,6 4 8 11,6 4 8 11
149,80,known,1,1,0.000016,4,,125757,6 4 8 11,6 4 8 11
150,80,brute,1,1,0.073749,130321,1,165097,2 3 2 3,2 3 2 3
150,80,columns,1,1,0.001707,108,,165097,2 3 2 3,2 3 2 3
150,80,known,1,1,0.000017,4,,165097,2 3 2 3,2 3 2 3
151,80,brute,0,0,0.131437,130321,2,567040,8 18 8 13,8 18 7 13
151,80,columns,0,0,0.000276,108,,567040,8 18 8 13,8 18 20 13
151,80,known,1,1,0.000017,4,,567040,8 18 8 13,8 18 8 13
152,80,brute,1,1,0.074861,130321,1,594108,10 9 4 7,10 9 4 7
152,80,columns,0,0,0.000276,108,,594108,10 9 4 7,10 9 3 7
152,80,known,1,1,0.000015,4,,594108,10 9 4 7,10 9 4 7
153,80,brute,0,0,0.068487,130321,2,647002,10 11 5 10,10 11 5 6
153,80,columns,0,0,0.000269,108,,647002,10 11 5 10,10 11 5 23
153,80,known,1,1,0.000019,4,,647002,10 11 5 10,10 11 5 10
154,80,brute,1,1,0.067730,130321,1,593021,10 16 5 9,10 16 5 9
154,80,columns,1,1,0.000425,108,,593021,10 16 5 9,10 16 5 9
154,80,known,1,1,0.000015,4,,593021,10 16 5 9,10 16 5 9
155,80,brute,1,1,0.064598,130321,1,627745,5 9 6 4,5 9 6 4
155,80,columns,1,1,0.000388,108,,627745,5 9 6 4,5 9 6 4
155,80,known,1,1,0.000015,4,,627745,5 9 6 4,5 9 6 4
156,80,brute,0,0,0.065214,130321,2,284010,12 7 9 15,12 7 16 15
156,80,columns,1,1,0.000479,108,,284010,12 7 9 15,12 7 9 15
156,80,known,1,1,0.000041,4,,284010,12 7 9 15,12 7 9 15
157,80,brute,1,1,0.064017,130321,1,366602,2 10 4 7,2 10 4 7
157,80,columns,1,1,0.000426,108,,366602,2 10 4 7,2 10 4 7
157,80,known,1,1,0.000020,4,,366602,2 10 4 7,2 10 4 7
158,80,brute,1,1,0.066061,130321,1,435028,11 5 8 3,11 5 8 3
158,80,columns,1,1,0.000248,108,,435028,11 5 8 3,11 5 8 3
158,80,known,1,1,0.000017,4,,435028,11 5 8 3,11 5 8 3
159,80,brute,1,1,0.062730,130321,1,331966,10 9 17 11,10 9 17 11
159,80,columns,1,1,0.000431,108,,331966,10 9 17 11,10 9 17 11
159,80,known,1,1,0.000015,4,,331966,10 9 17 11,10 9 17 11
160,80,brute,0,0,0.065629,130321,2,485174,9 9 12 17,9 9 12 3
160,80,columns,0,0,0.000557,108,,485174,9 9 12 17,9 9 12 24
160,80,known,1,1,0.000017,4,,485174,9 9 12 17,9 9 12 17
161,80,brute,1,1,0.066152,130321,1,298712,14 8 10 4,14 8 10 4
161,80,columns,1,1,0.000490,108,,298712,14 8 10 4,14 8 10 4
161,80,known,1,1,0.000038,4,,298712,14 8 10 4,14 8 10 4
162,80,brute,0,0,0.064505,130321,41,463638,3 11 8 12,15 11 8 12
162,80,columns,0,0,0.000555,108,,463638,3 11 8 12,15 11 8 12
162,80,known,1,1,0.000015,4,,463638,3 11 8 12,3 11 8 12
163,80,brute,1,1,0.066779,130321,1,530420,3 9 11 9,3 9 11 9
163,80,columns,1,1,0.000234,108,,530420,3 9 11 9,3 9 11 9
163,80,known,1,1,0.000013,4,,530420,3 9 11 9,3 9 11 9
164,80,brute,0,0,0.065897,130321,2,488230,3 12 9 14,3 12 2 14
164,80,columns,0,0,0.000266,108,,488230,3 12 9 14,3 12 22 14
164,80,known,1,1,0.000013,4,,488230,3 12 9 14,3 12 9 14
165,80,brute,1,1,0.068568,130321,1,33309,7 15 12 13,7 15 12 13
165,80,columns,1,1,0.000299,108,,33309,7 15 12 13,7 15 12 13
165,80,known,1,1,0.000017,4,,33309,7 15 12 13,7 15 12 13
166,80,brute,0,0,0.067065,130321,2,438017,9 6 8 10,9 6 4 10
166,80,columns,0,0,0.000738,108,,438017,9 6 8 10,9 6 4 10
166,80,known,1,1,0.000017,4,,438017,9 6 8 10,9 6 8 10
167,80,brute,1,1,0.062842,130321,1,368086,7 7 10 11,7 7 10 11
167,80,columns,1,1,0.000426,108,,368086,7 7 10 11,7 7 10 11
167,80,known,1,1,0.000016,4,,368086,7 7 10 11,7 7 10 11
168,80,brute,0,0,0.070059,130321,4,159602,13 6 8 14,13 13 8 14
168,80,columns,0,0,0.000263,108,,159602,13 6 8 14,13 6 4 14
168,80,known,1,1,0.000016,4,,159602,13 6 8 14,13 6 8 14
169,80,brute,1,1,0.072951,130321,1,269010,10 2 14 15,10 2 14 15
169,80,columns,1,1,0.000298,108,,269010,10 2 14 15,10 2 14 15
169,80,known,1,1,0.000014,4,,269010,10 2 14 15,10 2 14 15
170,80,brute,1,1,0.074772,130321,1,922,15 17 8 13,15 17 8 13
170,80,columns,1,1,0.000315,108,,922,15 17 8 13,15 17 8 13
170,80,known,1,1,0.000016,4,,922,15 17 8 13,15 17 8 13
171,80,brute,0,0,0.071242,130321,2,155142,6 5 3 8,5 5 3 8
171,80,columns,0,0,0.000431,108,,155142,6 5 3 8,5 5 3 8
171,80,known,1,1,0.000015,4,,155142,6 5 3 8,6 5 3 8
172,80,brute,0,0,0.073735,130321,2,373623,11 6 4 9,11 6 17 9
172,80,columns,1,1,0.000525,108,,373623,11 6 4 9,11 6 4 9
172,80,known,1,1,0.000016,4,,373623,11 6 4 9,11 6 4 9
173,80,brute,1,1,0.064998,130321,1,178475,6 9 1 1,6 9 1 1
173,80,columns,1,1,0.000457,108,,178475,6 9 1 1,6 9 1 1
173,80,known,1,1,0.000017,4,,178475,6 9 1 1,6 9 1 1
174,80,brute,1,1,0.062541,130321,1,563192,9 9 12 10,9 9 12 10
174,80,columns,1,1,0.000273,108,,563192,9 9 12 10,9 9 12 10
174,80,known,1,1,0.000016,4,,563192,9 9 12 10,9 9 12 10
175,80,brute,1,1,0.061700,130321,1,185147,18 13 5 6,18 13 5 6
175,80,columns,1,1,0.000234,108,,185147,18 13 5 6,18 13 5 6
175,80,known,1,1,0.000017,4,,185147,18 13 5 6,18 13 5 6
176,80,brute,0,0,0.061262,130321,3860,373856,9 9 3 5,18 5 16 5
176,80,columns,0,0,0.000431,108,,373856,9 9 3 5,20 5 16 5
176,80,known,1,1,0.000014,4,,373856,9 9 3 5,9 9 3 5
177,80,brute,0,0,0.061954,130321,2,440845,5 6 12 15,18 6 12 15
177,80,columns,1,1,0.000407,108,,440845,5 6 12 15,5 6 12 15
177,80,known,1,1,0.000012,4,,440845,5 6 12 15,5 6 12 15
178,80,brute,0,0,0.062435,130321,2,400833,3 18 4 9,3 3 4 9
178,80,columns,1,1,0.000461,108,,400833,3 18 4 9,3 18 4 9
178,80,known,1,1,0.000014,4,,400833,3 18 4 9,3 18 4 9
179,80,brute,1,1,0.067296,130321,1,172156,12 2 10 11,12 2 10 11
179,80,columns,1,1,0.000367,108,,172156,12 2 10 11,12 2 10 11
179,80,known,1,1,0.000013,4,,172156,12 2 10 11,12 2 10 11
180,80,brute,0,0,0.059601,130321,2,450868,12 9 11 7,0 9 11 7
180,80,columns,1,1,0.000212,108,,450868,12 9 11 7,12 9 11 7
180,80,known,1,1,0.000013,4,,450868,12 9 11 7,12 9 11 7
181,80,brute,0,0,0.064831,130321,2,133597,9 2 5 16,9 2 5 1
181,80,columns,0,0,0.000301,108,,133597,9 2 5 16,9 2 5 1
181,80,known,1,1,0.000019,4,,133597,9 2 5 16,9 2 5 16
182,80,brute,0,0,0.066661,130321,2,661457,11 8 15 11,11 4 15 11
182,80,columns,1,1,0.000228,108,,661457,11 8 15 11,11 8 15 11
182,80,known,1,1,0.000014,4,,661457,11 8 15 11,11 8 15 11
183,80,brute,1,1,0.066494,130321,1,299130,11 4 4 14,11 4 4 14
183,80,columns,1,1,0.000218,108,,299130,11 4 4 14,11 4 4 14
183,80,known,1,1,0.000013,4,,299130,11 4 4 14,11 4 4 14
184,80,brute,1,1,0.063829,130321,1,367361,14 14 6 6,14 14 6 6
184,80,columns,0,0,0.000248,108,,367361,14 14 6 6,14 14 14 6
184,80,known,1,1,0.000013,4,,367361,14 14 6 6,14 14 6 6
185,80,brute,0,0,0.060200,130321,2,214035,3 12 13 11,3 12 13 10
185,80,columns,1,1,0.000232,108,,214035,3 12 13 11,3 12 13 11
185,80,known,1,1,0.000014,4,,214035,3 12 13 11,3 12 13 11
186,80,brute,1,1,0.063113,130321,1,689639,3 11 14 8,3 11 14 8
186,80,columns,1,1,0.000205,108,,689639,3 11 14 8,3 11 14 8
186,80,known,1,1,0.000013,4,,689639,3 11 14 8,3 11 14 8
187,80,brute,0,0,0.065430,130321,2,552899,6 5 7 10,6 12 7 10
187,80,columns,1,1,0.000266,108,,552899,6 5 7 10,6 5 7 10
187,80,known,1,1,0.000016,4,,552899,6 5 7 10,6 5 7 10
188,80,brute,1,1,0.067825,130321,1,662346,8 8 5 4,8 8 5 4
188,80,columns,1,1,0.000253,108,,662346,8 8 5 4,8 8 5 4
188,80,known,1,1,0.000017,4,,662346,8 8 5 4,8 8 5 4
189,80,brute,0,0,0.063048,130321,2,129888,11 9 7 3,11 9 7 17
189,80,columns,0,0,0.000288,108,,129888,11 9 7 3,11 9 7 10
189,80,known,1,1,0.000015,4,,129888,11 9 7 3,11 9 7 3
190,80,brute,1,1,0.064276,130321,1,684643,10 1 8 11,10 1 8 11
190,80,columns,1,1,0.000275,108,,684643,10 1 8 11,10 1 8 11
190,80,known,1,1,0.000014,4,,684643,10 1 8 11,10 1 8 11
191,80,brute,1,1,0.063660,130321,1,31514,13 8 3 6,13 8 3 6
191,80,columns,1,1,0.000246,108,,31514,13 8 3 6,13 8 3 6
191,80,known,1,1,0.000016,4,,31514,13 8 3 6,13 8 3 6
192,80,brute,1,1,0.073668,130321,1,48718,10 17 13 15,10 17 13 15
192,80,columns,1,1,0.000255,108,,48718,10 17 13 15,10 17 13 15
192,80,known,1,1,0.000016,4,,48718,10 17 13 15,10 17 13 15
193,80,brute,0,0,0.065261,130321,73,290028,8 8 13 9,4 17 13 16
193,80,columns,0,0,0.000322,108,,290028,8 8 13 9,4 17 13 9
193,80,known,1,1,0.000038,4,,290028,8 8 13 9,8 8 13 9
194,80,brute,0,0,0.065371,130321,2,655360,12 17 13 9,9 17 13 9
194,80,columns,0,0,0.000234,108,,655360,12 17 13 9,9 17 10 9
194,80,known,1,1,0.000016,4,,655360,12 17 13 9,12 17 13 9
195,80,brute,1,1,0.064670,130321,1,340774,14 6 6 11,14 6 6 11
195,80,columns,1,1,0.000235,108,,340774,14 6 6 11,14 6 6 11
195,80,known,1,1,0.000015,4,,340774,14 6 6 11,14 6 6 11
196,80,brute,1,1,0.063634,130321,1,685277,8 5 0 10,8 5 0 10
196,80,columns,1,1,0.000295,108,,685277,8 5 0 10,8 5 0 10
196,80,known,1,1,0.000017,4,,685277,8 5 0 10,8 5 0 10
197,80,brute,0,0,0.064172,130321,2,460447,10 8 8 14,10 8 8 7
197,80,columns,0,0,0.000254,108,,460447,10 8 8 14,10 8 8 7
197,80,known,1,1,0.000017,4,,460447,10 8 8 14,10 8 8 14
198,80,brute,1,1,0.093043,130321,1,335701,14 9 2 10,14 9 2 10
198,80,columns,1,1,0.000240,108,,335701,14 9 2 10,14 9 2 10
198,80,known,1,1,0.000015,4,,335701,14 9 2 10,14 9 2 10
199,80,brute,1,1,0.065506,130321,1,278457,8 4 17 12,8 4 17 12
199,80,columns,1,1,0.000278,108,,278457,8 4 17 12,8 4 17 12
199,80,known,1,1,0.000017,4,,278457,8 4 17 12,8 4 17 12
0,160,brute,1,1,0.062286,130321,1,499174,12 15 7 7,12 15 7 7
0,160,columns,1,1,0.000286,108,,499174,12 15 7 7,12 15 7 7
0,160,known,1,1,0.000016,4,,499174,12 15 7 7,12 15 7 7
1,160,brute,1,1,0.062729,130321,1,71976,7 1 6 1,7 1 6 1
1,160,columns,1,1,0.000274,108,,71976,7 1 6 1,7 1 6 1
1,160,known,1,1,0.000016,4,,71976,7 1 6 1,7 1 6 1
2,160,brute,1,1,0.063955,130321,1,352183,16 10 8 11,16 10 8 11
2,160,columns,1,1,0.000330,108,,352183,16 10 8 11,16 10 8 11
2,160,known,1,1,0.000015,4,,352183,16 10 8 11,16 10 8 11
3,160,brute,1,1,0.063587,130321,1,498145,2 5 2 13,2 5 2 13
3,160,columns,1,1,0.000267,108,,498145,2 5 2 13,2 5 2 13
3,160,known,1,1,0.000018,4,,498145,2 5 2 13,2 5 2 13
4,160,brute,1,1,0.061645,130321,1,116972,12 9 5 14,12 9 5 14
4,160,columns,1,1,0.000308,108,,116972,12 9 5 14,12 9 5 14
4,160,known,1,1,0.000016,4,,116972,12 9 5 14,12 9 5 14
5,160,brute,1,1,0.059963,130321,1,357751,12 0 11 14,12 0 11 14
5,160,columns,1,1,0.000267,108,,357751,12 0 11 14,12 0 11 14
5,160,known,1,1,0.000013,4,,357751,12 0 11 14,12 0 11 14
6,160,brute,1,1,0.067000,130321,1,534811,4 11 7 5,4 11 7 5
6,160,columns,1,1,0.000306,108,,534811,4 11 7 5,4 11 7 5
6,160,known,1,1,0.000018,4,,534811,4 11 7 5,4 11 7 5
7,160,brute,1,1,0.061397,130321,1,506521,6 12 4 12,6 12 4 12
7,160,columns,0,0,0.000259,108,,506521,6 12 4 12,6 19 4 12
7,160,known,1,1,0.000015,4,,506521,6 12 4 12,6 12 4 12
8,160,brute,1,1,0.065325,130321,1,121248,7 10 11 12,7 10 11 12
8,160,columns,1,1,0.000350,108,,121248,7 10 11 12,7 10 11 12
8,160,known,1,1,0.000015,4,,121248,7 10 11 12,7 10 11 12
9,160,brute,0,0,0.061553,130321,2,265203,11 10 14 2,11 17 14 2
9,160,columns,1,1,0.000286,108,,265203,11 10 14 2,11 10 14 2
9,160,known,1,1,0.000013,4,,265203,11 10 14 2,11 10 14 2
10,160,brute,1,1,0.063923,130321,1,269503,13 15 12 7,13 15 12 7
10,160,columns,1,1,0.000503,108,,269503,13 15 12 7,13 15 12 7
10,160,known,1,1,0.000018,4,,269503,13 15 12 7,13 15 12 7
11,160,brute,1,1,0.064398,130321,1,283036,5 11 6 4,5 11 6 4
11,160,columns,1,1,0.000330,108,,283036,5 11 6 4,5 11 6 4
11,160,known,1,1,0.000014,4,,283036,5 11 6 4,5 11 6 4
12,160,brute,1,1,0.062209,130321,1,241916,10 14 11 8,10 14 11 8
12,160,columns,1,1,0.000263,108,,241916,10 14 11 8,10 14 11 8
12,160,known,1,1,0.000013,4,,241916,10 14 11 8,10 14 11 8
13,160,brute,1,1,0.064188,130321,1,646010,9 15 7 10,9 15 7 10
13,160,columns,1,1,0.000271,108,,646010,9 15 7 10,9 15 7 10
13,160,known,1,1,0.000015,4,,646010,9 15 7 10,9 15 7 10
14,160,brute,1,1,0.066711,130321,1,652061,12 18 14 13,12 18 14 13
14,160,columns,1,1,0.000320,108,,652061,12 18 14 13,12 18 14 13
14,160,known,1,1,0.000015,4,,652061,12 18 14 13,12 18 14 13
15,160,brute,1,1,0.063375,130321,1,562365,14 2 13 6,14 2 13 6
15,160,columns,1,1,0.000274,108,,562365,14 2 13 6,14 2 13 6
15,160,known,1,1,0.000016,4,,562365,14 2 13 6,14 2 13 6
16,160,brute,1,1,0.062658,130321,1,443270,2 12 12 8,2 12 12 8
16,160,columns,1,1,0.000292,108,,443270,2 12 12 8,2 12 12 8
16,160,known,1,1,0.000014,4,,443270,2 12 12 8,2 12 12 8
17,160,brute,1,1,0.064957,130321,1,590503,7 6 9 14,7 6 9 14
17,160,columns,1,1,0.000323,108,,590503,7 6 9 14,7 6 9 14
17,160,known,1,1,0.000016,4,,590503,7 6 9 14,7 6 9 14
18,160,brute,1,1,0.064833,130321,1,341308,4 5 8 1,4 5 8 1
18,160,columns,1,1,0.000282,108,,341308,4 5 8 1,4 5 8 1
18,160,known,1,1,0.000016,4,,341308,4 5 8 1,4 5 8 1
19,160,brute,1,1,0.063527,130321,1,626418,7 6 2 17,7 6 2 17
19,160,columns,1,1,0.000272,108,,626418,7 6 2 17,7 6 2 17
19,160,known,1,1,0.000019,4,,626418,7 6 2 17,7 6 2 17
20,160,brute,1,1,0.066090,130321,1,559216,9 10 9 17,9 10 9 17
20,160,columns,1,1,0.000431,108,,559216,9 10 9 17,9 10 9 17
20,160,known,1,1,0.000014,4,,559216,9 10 9 17,9 10 9 17
21,160,brute,1,1,0.062195,130321,1,508206,10 13 11 13,10 13 11 13
21,160,columns,1,1,0.000343,108,,508206,10 13 11 13,10 13 11 13
21,160,known,1,1,0.000019,4,,508206,10 13 11 13,10 13 11 13
22,160,brute,1,1,0.069336,130321,1,335145,3 11 12 7,3 11 12 7
22,160,columns,1,1,0.000404,108,,335145,3 11 12 7,3 11 12 7
22,160,known,1,1,0.000017,4,,335145,3 11 12 7,3 11 12 7
23,160,brute,1,1,0.070868,130321,1,387239,8 1 11 10,8 1 11 10
23,160,columns,1,1,0.000366,108,,387239,8 1 11 10,8 1 11 10
23,160,known,1,1,0.000017,4,,387239,8 1 11 10,8 1 11 10
24,160,brute,1,1,0.069614,130321,1,406493,11 18 4 5,11 18 4 5
24,160,columns,1,1,0.000275,108,,406493,11 18 4 5,11 18 4 5
24,160,known,1,1,0.000015,4,,406493,11 18 4 5,11 18 4 5
25,160,brute,1,1,0.072598,130321,1,124438,9 12 9 16,9 12 9 16
25,160,columns,1,1,0.000309,108,,124438,9 12 9 16,9 12 9 16
25,160,known,1,1,0.000024,4,,124438,9 12 9 16,9 12 9 16
26,160,brute,1,1,0.067717,130321,1,529186,11 12 1 12,11 12 1 12
26,160,columns,1,1,0.000300,108,,529186,11 12 1 12,11 12 1 12
26,160,known,1,1,0.000016,4,,529186,11 12 1 12,11 12 1 12
27,160,brute,1,1,0.064588,130321,1,545691,4 12 9 10,4 12 9 10
27,160,columns,1,1,0.000382,108,,545691,4 12 9 10,4 12 9 10
27,160,known,1,1,0.000018,4,,545691,4 12 9 10,4 12 9 10
28,160,brute,1,1,0.065789,130321,1,492278,13 10 13 3,13 10 13 3
28,160,columns,1,1,0.000332,108,,492278,13 10 13 3,13 10 13 3
28,160,known,1,1,0.000024,4,,492278,13 10 13 3,13 10 13 3
29,160,brute,0,0,0.079379,130321,2,529440,8 4 5 10,8 17 5 10
29,160,columns,1,1,0.000336,108,,529440,8 4 5 10,8 4 5 10
29,160,known,1,1,0.000016,4,,529440,8 4 5 10,8 4 5 10
30,160,brute,1,1,0.063391,130321,1,383859,14 10 11 2,14 10 11 2
30,160,columns,1,1,0.000251,108,,383859,14 10 11 2,14 10 11 2
30,160,known,1,1,0.000014,4,,383859,14 10 11 2,14 10 11 2
31,160,brute,1,1,0.070988,130321,1,40370,9 13 7 10,9 13 7 10
31,160,columns,1,1,0.000261,108,,40370,9 13 7 10,9 13 7 10
31,160,known,1,1,0.000015,4,,40370,9 13 7 10,9 13 7 10
32,160,brute,1,1,0.064617,130321,1,463522,4 10 3 4,4 10 3 4
32,160,columns,1,1,0.000372,108,,463522,4 10 3 4,4 10 3 4
32,160,known,1,1,0.000015,4,,463522,4 10 3 4,4 10 3 4
33,160,brute,1,1,0.065518,130321,1,517417,0 15 13 6,0 15 13 6
33,160,columns,1,1,0.000251,108,,517417,0 15 13 6,0 15 13 6
33,160,known,1,1,0.000014,4,,517417,0 15 13 6,0 15 13 6
34,160,brute,1,1,0.066949,130321,1,3984,0 8 9 13,0 8 9 13
34,160,columns,1,1,0.000280,108,,3984,0 8 9 13,0 8 9 13
34,160,known,1,1,0.000015,4,,3984,0 8 9 13,0 8 9 13
35,160,brute,1,1,0.062211,130321,1,302319,1 11 9 7,1 11 9 7
35,160,columns,1,1,0.000328,108,,302319,1 11 9 7,1 11 9 7
35,160,known,1,1,0.000013,4,,302319,1 11 9 7,1 11 9 7
36,160,brute,1,1,0.067000,130321,1,477239,10 3 2 3,10 3 2 3
36,160,columns,1,1,0.000259,108,,477239,10 3 2 3,10 3 2 3
36,160,known,1,1,0.000014,4,,477239,10 3 2 3,10 3 2 3
37,160,brute,1,1,0.067276,130321,1,75388,8 6 7 11,8 6 7 11
37,160,columns,1,1,0.000271,108,,75388,8 6 7 11,8 6 7 11
37,160,known,1,1,0.000017,4,,75388,8 6 7 11,8 6 7 11
38,160,brute,1,1,0.070688,130321,1,419630,7 15 0 6,7 15 0 6
38,160,columns,1,1,0.000360,108,,419630,7 15 0 6,7 15 0 6
38,160,known,1,1,0.000018,4,,419630,7 15 0 6,7 15 0 6
39,160,brute,1,1,0.067132,130321,1,162059,5 4 9 16,5 4 9 16
39,160,columns,1,1,0.000313,108,,162059,5 4 9 16,5 4 9 16
39,160,known,1,1,0.000022,4,,162059,5 4 9 16,5 4 9 16
40,160,brute,1,1,0.071938,130321,1,137205,8 4 12 12,8 4 12 12
40,160,columns,1,1,0.000311,108,,137205,8 4 12 12,8 4 12 12
40,160,known,1,1,0.000016,4,,137205,8 4 12 12,8 4 12 12
41,160,brute,0,0,0.070385,130321,2,252105,9 7 8 13,9 7 8 0
41,160,columns,1,1,0.000324,108,,252105,9 7 8 13,9 7 8 13
41,160,known,1,1,0.000016,4,,252105,9 7 8 13,9 7 8 13
42,160,brute,1,1,0.068699,130321,1,583908,8 10 13 11,8 10 13 11
42,160,columns,1,1,0.000323,108,,583908,8 10 13 11,8 10 13 11
42,160,known,1,1,0.000015,4,,583908,8 10 13 11,8 10 13 11
43,160,brute,1,1,0.065528,130321,1,268609,11 15 8 7,11 15 8 7
43,160,columns,1,1,0.000275,108,,268609,11 15 8 7,11 15 8 7
43,160,known,1,1,0.000015,4,,268609,11 15 8 7,11 15 8 7
44,160,brute,1,1,0.066114,130321,1,325623,11 6 12 6,11 6 12 6
44,160,columns,1,1,0.000321,108,,325623,11 6 12 6,11 6 12 6
44,160,known,1,1,0.000014,4,,325623,11 6 12 6,11 6 12 6
45,160,brute,1,1,0.067881,130321,1,275889,16 3 11 10,16 3 11 10
45,160,columns,1,1,0.000256,108,,275889,16 3 11 10,16 3 11 10
45,160,known,1,1,0.000015,4,,275889,16 3 11 10,16 3 11 10
46,160,brute,1,1,0.067343,130321,1,551499,5 10 8 14,5 10 8 14
46,160,columns,1,1,0.000273,108,,551499,5 10 8 14,5 10 8 14
46,160,known,1,1,0.000014,4,,551499,5 10 8 14,5 10 8 14
47,160,brute,1,1,0.065247,130321,1,277325,14 4 8 18,14 4 8 18
47,160,columns,1,1,0.000341,108,,277325,14 4 8 18,14 4 8 18
47,160,known,1,1,0.000016,4,,277325,14 4 8 18,14 4 8 18
48,160,brute,1,1,0.062555,130321,1,303945,14 4 8 9,14 4 8 9
48,160,columns,1,1,0.000302,108,,303945,14 4 8 9,14 4 8 9
48,160,known,1,1,0.000014,4,,303945,14 4 8 9,14 4 8 9
49,160,brute,1,1,0.065139,130321,1,134869,10 5 8 13,10 5 8 13
49,160,columns,1,1,0.000365,108,,134869,10 5 8 13,10 5 8 13
49,160,known,1,1,0.000019,4,,134869,10 5 8 13,10 5 8 13
50,160,brute,1,1,0.074810,130321,1,437710,8 13 16 6,8 13 16 6
50,160,columns,1,1,0.000325,108,,437710,8 13 16 6,8 13 16 6
50,160,known,1,1,0.000015,4,,437710,8 13 16 6,8 13 16 6
51,160,brute,1,1,0.070255,130321,1,312567,10 7 7 8,10 7 7 8
51,160,columns,1,1,0.000320,108,,312567,10 7 7 8,10 7 7 8
51,160,known,1,1,0.000016,4,,312567,10 7 7 8,10 7 7 8
52,160,brute,1,1,0.068305,130321,1,602568,7 10 11 12,7 10 11 12
52,160,columns,1,1,0.000297,108,,602568,7 10 11 12,7 10 11 12
52,160,known,1,1,0.000017,4,,602568,7 10 11 12,7 10 11 12
53,160,brute,1,1,0.071972,130321,1,102643,6 10 6 17,6 10 6 17
53,160,columns,1,1,0.000365,108,,102643,6 10 6 17,6 10 6 17
53,160,known,1,1,0.000019,4,,102643,6 10 6 17,6 10 6 17
54,160,brute,1,1,0.072636,130321,1,370882,17 2 3 12,17 2 3 12
54,160,columns,1,1,0.000296,108,,370882,17 2 3 12,17 2 3 12
54,160,known,1,1,0.000016,4,,370882,17 2 3 12,17 2 3 12
55,160,brute,1,1,0.079655,130321,1,428055,17 6 9 9,17 6 9 9
55,160,columns,1,1,0.000321,108,,428055,17 6 9 9,17 6 9 9
55,160,known,1,1,0.000017,4,,428055,17 6 9 9,17 6 9 9
56,160,brute,1,1,0.072440,130321,1,139125,2 6 14 6,2 6 14 6
56,160,columns,1,1,0.000382,108,,139125,2 6 14 6,2 6 14 6
56,160,known,1,1,0.000022,4,,139125,2 6 14 6,2 6 14 6
57,160,brute,1,1,0.076365,130321,1,607862,17 9 3 7,17 9 3 7
57,160,columns,1,1,0.000397,108,,607862,17 9 3 7,17 9 3 7
57,160,known,1,1,0.000018,4,,607862,17 9 3 7,17 9 3 7
58,160,brute,1,1,0.076514,130321,1,283700,8 5 2 6,8 5 2 6
58,160,columns,1,1,0.000379,108,,283700,8 5 2 6,8 5 2 6
58,160,known,1,1,0.000020,4,,283700,8 5 2 6,8 5 2 6
59,160,brute,1,1,0.071679,130321,1,276364,6 12 10 11,6 12 10 11
59,160,columns,1,1,0.000340,108,,276364,6 12 10 11,6 12 10 11
59,160,known,1,1,0.000017,4,,276364,6 12 10 11,6 12 10 11
60,160,brute,1,1,0.070790,130321,1,258239,8 11 7 9,8 11 7 9
60,160,columns,1,1,0.000301,108,,258239,8 11 7 9,8 11 7 9
60,160,known,1,1,0.000019,4,,258239,8 11 7 9,8 11 7 9
61,160,brute,1,1,0.071750,130321,1,349656,7 12 8 2,7 12 8 2
61,160,columns,1,1,0.000320,108,,349656,7 12 8 2,7 12 8 2
61,160,known,1,1,0.000017,4,,349656,7 12 8 2,7 12 8 2
62,160,brute,1,1,0.067660,130321,1,154841,9 10 6 4,9 10 6 4
62,160,columns,1,1,0.000315,108,,154841,9 10 6 4,9 10 6 4
62,160,known,1,1,0.000015,4,,154841,9 10 6 4,9 10 6 4
63,160,brute,1,1,0.068205,130321,1,312200,13 5 1 10,13 5 1 10
63,160,columns,1,1,0.000286,108,,312200,13 5 1 10,13 5 1 10
63,160,known,1,1,0.000017,4,,312200,13 5 1 10,13 5 1 10
64,160,brute,1,1,0.069082,130321,1,441940,9 7 11 9,9 7 11 9
64,160,columns,1,1,0.000291,108,,441940,9 7 11 9,9 7 11 9
64,160,known,1,1,0.000016,4,,441940,9 7 11 9,9 7 11 9
65,160,brute,1,1,0.066626,130321,1,518621,7 10 9 8,7 10 9 8
65,160,columns,1,1,0.000342,108,,518621,7 10 9 8,7 10 9 8
65,160,known,1,1,0.000023,4,,518621,7 10 9 8,7 10 9 8
66,160,brute,1,1,0.070481,130321,1,425683,9 7 3 11,9 7 3 11
66,160,columns,1,1,0.000262,108,,425683,9 7 3 11,9 7 3 11
66,160,known,1,1,0.000015,4,,425683,9 7 3 11,9 7 3 11
67,160,brute,1,1,0.067229,130321,1,469536,5 1 8 6,5 1 8 6
67,160,columns,1,1,0.000295,108,,469536,5 1 8 6,5 1 8 6
67,160,known,1,1,0.000017,4,,469536,5 1 8 6,5 1 8 6
68,160,brute,1,1,0.071031,130321,1,405096,4 11 5 8,4 11 5 8
68,160,columns,1,1,0.000306,108,,405096,4 11 5 8,4 11 5 8
68,160,known,1,1,0.000014,4,,405096,4 11 5 8,4 11 5 8
69,160,brute,1,1,0.070057,130321,1,221728,14 2 13 4,14 2 13 4
69,160,columns,1,1,0.000258,108,,221728,14 2 13 4,14 2 13 4
69,160,known,1,1,0.000013,4,,221728,14 2 13 4,14 2 13 4
70,160,brute,1,1,0.067634,130321,1,166363,5 7 8 0,5 7 8 0
70,160,columns,1,1,0.000348,108,,166363,5 7 8 0,5 7 8 0
70,160,known,1,1,0.000015,4,,166363,5 7 8 0,5 7 8 0
71,160,brute,0,0,0.068464,130321,2,343440,7 8 9 11,7 7 9 11
71,160,columns,1,1,0.000322,108,,343440,7 8 9 11,7 8 9 11
71,160,known,1,1,0.000017,4,,343440,7 8 9 11,7 8 9 11
72,160,brute,1,1,0.070136,130321,1,255152,10 8 15 6,10 8 15 6
72,160,columns,1,1,0.000307,108,,255152,10 8 15 6,10 8 15 6
72,160,known,1,1,0.000018,4,,255152,10 8 15 6,10 8 15 6
73,160,brute,1,1,0.066966,130321,1,241644,10 8 13 14,10 8 13 14
73,160,columns,1,1,0.000292,108,,241644,10 8 13 14,10 8 13 14
73,160,known,1,1,0.000018,4,,241644,10 8 13 14,10 8 13 14
74,160,brute,1,1,0.067960,130321,1,488453,8 6 2 5,8 6 2 5
74,160,columns,1,1,0.000316,108,,488453,8 6 2 5,8 6 2 5
74,160,known,1,1,0.000016,4,,488453,8 6 2 5,8 6 2 5
75,160,brute,1,1,0.070160,130321,1,136196,13 8 9 10,13 8 9 10
75,160,columns,1,1,0.000312,108,,136196,13 8 9 10,13 8 9 10
75,160,known,1,1,0.000032,4,,136196,13 8 9 10,13 8 9 10
76,160,brute,1,1,0.068076,130321,1,525881,4 11 1 9,4 11 1 9
76,160,columns,1,1,0.000271,108,,525881,4 11 1 9,4 11 1 9
76,160,known,1,1,0.000016,4,,525881,4 11 1 9,4 11 1 9
77,160,brute,0,0,0.070728,130321,2,483302,10 9 12 10,7 9 12 10
77,160,columns,1,1,0.000483,108,,483302,10 9 12 10,10 9 12 10
77,160,known,1,1,0.000016,4,,483302,10 9 12 10,10 9 12 10
78,160,brute,1,1,0.071381,130321,1,468903,11 10 6 5,11 10 6 5
78,160,columns,1,1,0.000267,108,,468903,11 10 6 5,11 10 6 5
78,160,known,1,1,0.000015,4,,468903,11 10 6 5,11 10 6 5
79,160,brute,1,1,0.066363,130321,1,407265,1 13 10 8,1 13 10 8
79,160,columns,1,1,0.000266,108,,407265,1 13 10 8,1 13 10 8
79,160,known,1,1,0.000016,4,,407265,1 13 10 8,1 13 10 8
80,160,brute,1,1,0.068437,130321,1,319403,13 8 7 18,13 8 7 18
80,160,columns,1,1,0.000349,108,,319403,13 8 7 18,13 8 7 18
80,160,known,1,1,0.000018,4,,319403,13 8 7 18,13 8 7 18
81,160,brute,1,1,0.070078,130321,1,46444,10 10 14 2,10 10 14 2
81,160,columns,1,1,0.000291,108,,46444,10 10 14 2,10 10 14 2
81,160,known,1,1,0.000017,4,,46444,10 10 14 2,10 10 14 2
82,160,brute,1,1,0.067594,130321,1,115268,8 12 4 12,8 12 4 12
82,160,columns,1,1,0.000308,108,,115268,8 12 4 12,8 12 4 12
82,160,known,1,1,0.000017,4,,115268,8 12 4 12,8 12 4 12
83,160,brute,1,1,0.073112,130321,1,687398,13 5 5 8,13 5 5 8
83,160,columns,1,1,0.000498,108,,687398,13 5 5 8,13 5 5 8
83,160,known,1,1,0.000016,4,,687398,13 5 5 8,13 5 5 8
84,160,brute,1,1,0.072997,130321,1,280004,12 5 7 6,12 5 7 6
84,160,columns,1,1,0.000301,108,,280004,12 5 7 6,12 5 7 6
84,160,known,1,1,0.000015,4,,280004,12 5 7 6,12 5 7 6
85,160,brute,1,1,0.067586,130321,1,634726,5 14 3 8,5 14 3 8
85,160,columns,1,1,0.000395,108,,634726,5 14 3 8,5 14 3 8
85,160,known,1,1,0.000020,4,,634726,5 14 3 8,5 14 3 8
86,160,brute,1,1,0.071085,130321,1,183435,10 7 5 6,10 7 5 6
86,160,columns,1,1,0.000314,108,,183435,10 7 5 6,10 7 5 6
86,160,known,1,1,0.000016,4,,183435,10 7 5 6,10 7 5 6
87,160,brute,1,1,0.073323,130321,1,232681,6 12 7 10,6 12 7 10
87,160,columns,1,1,0.000293,108,,232681,6 12 7 10,6 12 7 10
87,160,known,1,1,0.000017,4,,232681,6 12 7 10,6 12 7 10
88,160,brute,1,1,0.069496,130321,1,210489,6 13 11 14,6 13 11 14
88,160,columns,1,1,0.000286,108,,210489,6 13 11 14,6 13 11 14
88,160,known,1,1,0.000017,4,,210489,6 13 11 14,6 13 11 14
89,160,brute,1,1,0.069373,130321,1,389664,12 13 9 9,12 13 9 9
89,160,columns,1,1,0.000328,108,,389664,12 13 9 9,12 13 9 9
89,160,known,1,1,0.000015,4,,389664,12 13 9 9,12 13 9 9
90,160,brute,1,1,0.070612,130321,1,231461,6 11 6 12,6 11 6 12
90,160,columns,1,1,0.000293,108,,231461,6 11 6 12,6 11 6 12
90,160,known,1,1,0.000014,4,,231461,6 11 6 12,6 11 6 12
91,160,brute,1,1,0.069500,130321,1,564547,8 8 2 10,8 8 2 10
91,160,columns,1,1,0.000305,108,,564547,8 8 2 10,8 8 2 10
91,160,known,1,1,0.000015,4,,564547,8 8 2 10,8 8 2 10
92,160,brute,1,1,0.070871,130321,1,597736,7 16 9 6,7 16 9 6
92,160,columns,1,1,0.000337,108,,597736,7 16 9 6,7 16 9 6
92,160,known,1,1,0.000015,4,,597736,7 16 9 6,7 16 9 6
93,160,brute,1,1,0.070954,130321,1,567699,12 5 9 13,12 5 9 13
93,160,columns,1,1,0.000290,108,,567699,12 5 9 13,12 5 9 13
93,160,known,1,1,0.000014,4,,567699,12 5 9 13,12 5 9 13
94,160,brute,1,1,0.068752,130321,1,222232,11 14 10 7,11 14 10 7
94,160,columns,1,1,0.000308,108,,222232,11 14 10 7,11 14 10 7
94,160,known,1,1,0.000014,4,,222232,11 14 10 7,11 14 10 7
95,160,brute,1,1,0.070945,130321,1,638374,15 9 10 9,15 9 10 9
95,160,columns,1,1,0.000310,108,,638374,15 9 10 9,15 9 10 9
95,160,known,1,1,0.000014,4,,638374,15 9 10 9,15 9 10 9
96,160,brute,1,1,0.066774,130321,1,144426,3 8 10 13,3 8 10 13
96,160,columns,1,1,0.000271,108,,144426,3 8 10 13,3 8 10 13
96,160,known,1,1,0.000014,4,,144426,3 8 10 13,3 8 10 13
97,160,brute,1,1,0.068639,130321,1,271547,11 13 12 1,11 13 12 1
97,160,columns,1,1,0.000279,108,,271547,11 13 12 1,11 13 12 1
97,160,known,1,1,0.000015,4,,271547,11 13 12 1,11 13 12 1
98,160,brute,1,1,0.069529,130321,1,448645,8 15 8 10,8 15 8 10
98,160,columns,1,1,0.000312,108,,448645,8 15 8 10,8 15 8 10
98,160,known,1,1,0.000014,4,,448645,8 15 8 10,8 15 8 10
99,160,brute,1,1,0.069493,130321,1,497731,16 8 7 6,16 8 7 6
99,160,columns,1,1,0.000322,108,,497731,16 8 7 6,16 8 7 6
99,160,known,1,1,0.000019,4,,497731,16 8 7 6,16 8 7 6
100,160,brute,1,1,0.073425,130321,1,618783,12 7 6 5,12 7 6 5
100,160,columns,1,1,0.000301,108,,618783,12 7 6 5,12 7 6 5
100,160,known,1,1,0.000020,4,,618783,12 7 6 5,12 7 6 5
101,160,brute,1,1,0.074295,130321,1,483652,10 3 9 9,10 3 9 9
101,160,columns,1,1,0.000476,108,,483652,10 3 9 9,10 3 9 9
101,160,known,1,1,0.000019,4,,483652,10 3 9 9,10 3 9 9
102,160,brute,1,1,0.076401,130321,1,259751,11 13 16 8,11 13 16 8
102,160,columns,1,1,0.000361,108,,259751,11 13 16 8,11 13 16 8
102,160,known,1,1,0.000024,4,,259751,11 13 16 8,11 13 16 8
103,160,brute,1,1,0.080213,130321,1,419725,10 14 8 0,10 14 8 0
103,160,columns,1,1,0.000303,108,,419725,10 14 8 0,10 14 8 0
103,160,known,1,1,0.000016,4,,419725,10 14 8 0,10 14 8 0
104,160,brute,1,1,0.105115,130321,1,381759,17 4 6 3,17 4 6 3
104,160,columns,1,1,0.000630,108,,381759,17 4 6 3,17 4 6 3
104,160,known,1,1,0.000053,4,,381759,17 4 6 3,17 4 6 3
105,160,brute,1,1,0.081925,130321,1,222479,9 10 3 0,9 10 3 0
105,160,columns,1,1,0.000336,108,,222479,9 10 3 0,9 10 3 0
105,160,known,1,1,0.000021,4,,222479,9 10 3 0,9 10 3 0
106,160,brute,1,1,0.077843,130321,1,302174,9 3 1 10,9 3 1 10
106,160,columns,1,1,0.000331,108,,302174,9 3 1 10,9 3 1 10
106,160,known,1,1,0.000019,4,,302174,9 3 1 10,9 3 1 10
107,160,brute,1,1,0.077739,130321,1,298422,13 8 9 2,13 8 9 2
107,160,columns,1,1,0.000336,108,,298422,13 8 9 2,13 8 9 2
107,160,known,1,1,0.000019,4,,298422,13 8 9 2,13 8 9 2
108,160,brute,1,1,0.077319,130321,1,428252,11 8 12 13,11 8 12 13
108,160,columns,1,1,0.000332,108,,428252,11 8 12 13,11 8 12 13
108,160,known,1,1,0.000017,4,,428252,11 8 12 13,11 8 12 13
109,160,brute,1,1,0.072950,130321,1,55344,10 2 7 6,10 2 7 6
109,160,columns,1,1,0.000298,108,,55344,10 2 7 6,10 2 7 6
109,160,known,1,1,0.000016,4,,55344,10 2 7 6,10 2 7 6
110,160,brute,1,1,0.072817,130321,1,301645,4 9 7 7,4 9 7 7
110,160,columns,1,1,0.000340,108,,301645,4 9 7 7,4 9 7 7
110,160,known,1,1,0.000020,4,,301645,4 9 7 7,4 9 7 7
111,160,brute,1,1,0.073228,130321,1,395081,7 8 9 5,7 8 9 5
111,160,columns,1,1,0.000301,108,,395081,7 8 9 5,7 8 9 5
111,160,known,1,1,0.000020,4,,395081,7 8 9 5,7 8 9 5
112,160,brute,1,1,0.073958,130321,1,1818,9 12 1 4,9 12 1 4
112,160,columns,1,1,0.000568,108,,1818,9 12 1 4,9 12 1 4
112,160,known,1,1,0.000018,4,,1818,9 12 1 4,9 12 1 4
113,160,brute,1,1,0.073910,130321,1,547362,9 5 3 12,9 5 3 12
113,160,columns,1,1,0.000316,108,,547362,9 5 3 12,9 5 3 12
113,160,known,1,1,0.000014,4,,547362,9 5 3 12,9 5 3 12
114,160,brute,1,1,0.075677,130321,1,132649,11 10 7 7,11 10 7 7
114,160,columns,1,1,0.000295,108,,132649,11 10 7 7,11 10 7 7
114,160,known,1,1,0.000016,4,,132649,11 10 7 7,11 10 7 7
115,160,brute,1,1,0.071138,130321,1,84498,15 9 7 13,15 9 7 13
115,160,columns,1,1,0.000333,108,,84498,15 9 7 13,15 9 7 13
115,160,known,1,1,0.000014,4,,84498,15 9 7 13,15 9 7 13
116,160,brute,1,1,0.076748,130321,1,506680,14 9 5 3,14 9 5 3
116,160,columns,1,1,0.000341,108,,506680,14 9 5 3,14 9 5 3
116,160,known,1,1,0.000016,4,,506680,14 9 5 3,14 9 5 3
117,160,brute,0,0,0.073965,130321,2,309530,5 8 12 6,5 15 12 6
117,160,columns,1,1,0.000276,108,,309530,5 8 12 6,5 8 12 6
117,160,known,1,1,0.000016,4,,309530,5 8 12 6,5 8 12 6
118,160,brute,1,1,0.074034,130321,1,382885,11 10 15 11,11 10 15 11
118,160,columns,1,1,0.000325,108,,382885,11 10 15 11,11 10 15 11
118,160,known,1,1,0.000015,4,,382885,11 10 15 11,11 10 15 11
119,160,brute,1,1,0.075048,130321,1,91545,11 9 14 10,11 9 14 10
119,160,columns,1,1,0.000345,108,,91545,11 9 14 10,11 9 14 10
119,160,known,1,1,0.000016,4,,91545,11 9 14 10,11 9 14 10
120,160,brute,1,1,0.075842,130321,1,530441,2 5 13 8,2 5 13 8
120,160,columns,1,1,0.000273,108,,530441,2 5 13 8,2 5 13 8
120,160,known,1,1,0.000017,4,,530441,2 5 13 8,2 5 13 8
121,160,brute,1,1,0.077102,130321,1,207749,8 9 10 7,8 9 10 7
121,160,columns,1,1,0.000286,108,,207749,8 9 10 7,8 9 10 7
121,160,known,1,1,0.000017,4,,207749,8 9 10 7,8 9 10 7
122,160,brute,1,1,0.074316,130321,1,108083,5 16 13 17,5 16 13 17
122,160,columns,1,1,0.000537,108,,108083,5 16 13 17,5 16 13 17
122,160,known,1,1,0.000018,4,,108083,5 16 13 17,5 16 13 17
123,160,brute,1,1,0.077231,130321,1,183879,3 0 14 6,3 0 14 6
123,160,columns,1,1,0.000344,108,,183879,3 0 14 6,3 0 14 6
123,160,known,1,1,0.000019,4,,183879,3 0 14 6,3 0 14 6
124,160,brute,1,1,0.077431,130321,1,230265,11 12 9 15,11 12 9 15
124,160,columns,1,1,0.000291,108,,230265,11 12 9 15,11 12 9 15
124,160,known,1,1,0.000016,4,,230265,11 12 9 15,11 12 9 15
125,160,brute,1,1,0.074991,130321,1,665944,8 8 10 8,8 8 10 8
125,160,columns,0,0,0.000364,108,,665944,8 8 10 8,8 8 10 21
125,160,known,1,1,0.000015,4,,665944,8 8 10 8,8 8 10 8
126,160,brute,1,1,0.091983,130321,1,463118,10 9 2 9,10 9 2 9
126,160,columns,1,1,0.000308,108,,463118,10 9 2 9,10 9 2 9
126,160,known,1,1,0.000015,4,,463118,10 9 2 9,10 9 2 9
127,160,brute,1,1,0.096565,130321,1,90141,8 13 6 0,8 13 6 0
127,160,columns,1,1,0.000287,108,,90141,8 13 6 0,8 13 6 0
127,160,known,1,1,0.000017,4,,90141,8 13 6 0,8 13 6 0
128,160,brute,1,1,0.093175,130321,1,175015,11 10 10 9,11 10 10 9
128,160,columns,1,1,0.000378,108,,175015,11 10 10 9,11 10 10 9
128,160,known,1,1,0.000019,4,,175015,11 10 10 9,11 10 10 9
129,160,brute,1,1,0.093448,130321,1,651018,1 4 9 8,1 4 9 8
129,160,columns,1,1,0.000292,108,,651018,1 4 9 8,1 4 9 8
129,160,known,1,1,0.000016,4,,651018,1 4 9 8,1 4 9 8
130,160,brute,0,0,0.084987,130321,2,67062,14 3 3 13,0 3 3 13
130,160,columns,1,1,0.000333,108,,67062,14 3 3 13,14 3 3 13
130,160,known,1,1,0.000016,4,,67062,14 3 3 13,14 3 3 13
131,160,brute,1,1,0.084374,130321,1,352066,6 9 13 13,6 9 13 13
131,160,columns,1,1,0.000325,108,,352066,6 9 13 13,6 9 13 13
131,160,known,1,1,0.000016,4,,352066,6 9 13 13,6 9 13 13
132,160,brute,1,1,0.079252,130321,1,370745,8 17 11 9,8 17 11 9
132,160,columns,1,1,0.000313,108,,370745,8 17 11 9,8 17 11 9
132,160,known,1,1,0.000016,4,,370745,8 17 11 9,8 17 11 9
133,160,brute,1,1,0.074852,130321,1,818,15 16 18 8,15 16 18 8
133,160,columns,1,1,0.000276,108,,818,15 16 18 8,15 16 18 8
133,160,known,1,1,0.000015,4,,818,15 16 18 8,15 16 18 8
134,160,brute,1,1,0.074575,130321,1,45956,9 13 18 13,9 13 18 13
134,160,columns,1,1,0.000319,108,,45956,9 13 18 13,9 13 18 13
134,160,known,1,1,0.000017,4,,45956,9 13 18 13,9 13 18 13
135,160,brute,1,1,0.075383,130321,1,292236,17 5 2 10,17 5 2 10
135,160,columns,1,1,0.000274,108,,292236,17 5 2 10,17 5 2 10
135,160,known,1,1,0.000015,4,,292236,17 5 2 10,17 5 2 10
136,160,brute,1,1,0.075582,130321,1,561830,12 8 7 13,12 8 7 13
136,160,columns,1,1,0.000370,108,,561830,12 8 7 13,12 8 7 13
136,160,known,1,1,0.000019,4,,561830,12 8 7 13,12 8 7 13
137,160,brute,1,1,0.076134,130321,1,362408,10 1 5 9,10 1 5 9
137,160,columns,1,1,0.000341,108,,362408,10 1 5 9,10 1 5 9
137,160,known,1,1,0.000015,4,,362408,10 1 5 9,10 1 5 9
138,160,brute,1,1,0.095116,130321,1,379323,13 14 7 6,13 14 7 6
138,160,columns,1,1,0.000312,108,,379323,13 14 7 6,13 14 7 6
138,160,known,1,1,0.000018,4,,379323,13 14 7 6,13 14 7 6
139,160,brute,1,1,0.091146,130321,1,411795,3 16 11 6,3 16 11 6
139,160,columns,1,1,0.000373,108,,411795,3 16 11 6,3 16 11 6
139,160,known,1,1,0.000018,4,,411795,3 16 11 6,3 16 11 6
140,160,brute,1,1,0.092457,130321,1,498374,7 6 16 9,7 6 16 9
140,160,columns,1,1,0.000330,108,,498374,7 6 16 9,7 6 16 9
140,160,known,1,1,0.000014,4,,498374,7 6 16 9,7 6 16 9
141,160,brute,1,1,0.089565,130321,1,434324,13 6 6 9,13 6 6 9
141,160,columns,1,1,0.000439,108,,434324,13 6 6 9,13 6 6 9
141,160,known,1,1,0.000017,4,,434324,13 6 6 9,13 6 6 9
142,160,brute,1,1,0.087478,130321,1,457173,13 3 16 3,13 3 16 3
142,160,columns,1,1,0.000344,108,,457173,13 3 16 3,13 3 16 3
142,160,known,1,1,0.000018,4,,457173,13 3 16 3,13 3 16 3
143,160,brute,1,1,0.082584,130321,1,354533,9 11 9 12,9 11 9 12
143,160,columns,1,1,0.000405,108,,354533,9 11 9 12,9 11 9 12
143,160,known,1,1,0.000020,4,,354533,9 11 9 12,9 11 9 12
144,160,brute,1,1,0.086145,130321,1,573066,10 11 3 4,10 11 3 4
144,160,columns,1,1,0.000289,108,,573066,10 11 3 4,10 11 3 4
144,160,known,1,1,0.000015,4,,573066,10 11 3 4,10 11 3 4
145,160,brute,1,1,0.097636,130321,1,674988,16 16 5 4,16 16 5 4
145,160,columns,1,1,0.000285,108,,674988,16 16 5 4,16 16 5 4
145,160,known,1,1,0.000016,4,,674988,16 16 5 4,16 16 5 4
146,160,brute,1,1,0.087357,130321,1,204739,4 12 4 4,4 12 4 4
146,160,columns,1,1,0.000367,108,,204739,4 12 4 4,4 12 4 4
146,160,known,1,1,0.000015,4,,204739,4 12 4 4,4 12 4 4
147,160,brute,0,0,0.080162,130321,2,646792,8 4 9 14,8 4 9 10
147,160,columns,1,1,0.000302,108,,646792,8 4 9 14,8 4 9 14
147,160,known,1,1,0.000016,4,,646792,8 4 9 14,8 4 9 14
148,160,brute,1,1,0.074607,130321,1,343218,4 8 9 3,4 8 9 3
148,160,columns,1,1,0.000274,108,,343218,4 8 9 3,4 8 9 3
148,160,known,1,1,0.000014,4,,343218,4 8 9 3,4 8 9 3
149,160,brute,1,1,0.077166,130321,1,114611,10 14 9 6,10 14 9 6
149,160,columns,1,1,0.000324,108,,114611,10 14 9 6,10 14 9 6
149,160,known,1,1,0.000015,4,,114611,10 14 9 6,10 14 9 6
150,160,brute,1,1,0.081828,130321,1,667134,18 10 12 10,18 10 12 10
150,160,columns,1,1,0.000282,108,,667134,18 10 12 10,18 10 12 10
150,160,known,1,1,0.000016,4,,667134,18 10 12 10,18 10 12 10
151,160,brute,1,1,0.077818,130321,1,379836,16 7 8 15,16 7 8 15
151,160,columns,1,1,0.000307,108,,379836,16 7 8 15,16 7 8 15
151,160,known,1,1,0.000016,4,,379836,16 7 8 15,16 7 8 15
152,160,brute,1,1,0.076287,130321,1,620558,10 3 11 13,10 3 11 13
152,160,columns,1,1,0.000314,108,,620558,10 3 11 13,10 3 11 13
152,160,known,1,1,0.000014,4,,620558,10 3 11 13,10 3 11 13
153,160,brute,1,1,0.079198,130321,1,481601,12 10 13 17,12 10 13 17
153,160,columns,1,1,0.000268,108,,481601,12 10 13 17,12 10 13 17
153,160,known,1,1,0.000014,4,,481601,12 10 13 17,12 10 13 17
154,160,brute,1,1,0.074524,130321,1,540306,8 11 9 5,8 11 9 5
154,160,columns,1,1,0.000259,108,,540306,8 11 9 5,8 11 9 5
154,160,known,1,1,0.000015,4,,540306,8 11 9 5,8 11 9 5
155,160,brute,1,1,0.078823,130321,1,379765,10 7 6 13,10 7 6 13
155,160,columns,1,1,0.000311,108,,379765,10 7 6 13,10 7 6 13
155,160,known,1,1,0.000016,4,,379765,10 7 6 13,10 7 6 13
156,160,brute,1,1,0.078906,130321,1,326238,9 8 5 9,9 8 5 9
156,160,columns,1,1,0.000312,108,,326238,9 8 5 9,9 8 5 9
156,160,known,1,1,0.000021,4,,326238,9 8 5 9,9 8 5 9
157,160,brute,1,1,0.077435,130321,1,561798,15 9 12 11,15 9 12 11
157,160,columns,1,1,0.000261,108,,561798,15 9 12 11,15 9 12 11
157,160,known,1,1,0.000016,4,,561798,15 9 12 11,15 9 12 11
158,160,brute,1,1,0.084628,130321,1,564151,3 10 8 8,3 10 8 8
158,160,columns,1,1,0.000336,108,,564151,3 10 8 8,3 10 8 8
158,160,known,1,1,0.000031,4,,564151,3 10 8 8,3 10 8 8
159,160,brute,1,1,0.076135,130321,1,316402,2 8 1 8,2 8 1 8
159,160,columns,1,1,0.000235,108,,316402,2 8 1 8,2 8 1 8
159,160,known,1,1,0.000027,4,,316402,2 8 1 8,2 8 1 8
160,160,brute,1,1,0.074492,130321,1,122617,9 6 10 4,9 6 10 4
160,160,columns,1,1,0.000253,108,,122617,9 6 10 4,9 6 10 4
160,160,known,1,1,0.000014,4,,122617,9 6 10 4,9 6 10 4
161,160,brute,1,1,0.072112,130321,1,611218,8 12 6 14,8 12 6 14
161,160,columns,1,1,0.000300,108,,611218,8 12 6 14,8 12 6 14
161,160,known,1,1,0.000014,4,,611218,8 12 6 14,8 12 6 14
162,160,brute,1,1,0.079497,130321,1,506856,9 12 4 15,9 12 4 15
162,160,columns,1,1,0.000256,108,,506856,9 12 4 15,9 12 4 15
162,160,known,1,1,0.000015,4,,506856,9 12 4 15,9 12 4 15
163,160,brute,1,1,0.073737,130321,1,65240,9 15 7 12,9 15 7 12
163,160,columns,1,1,0.000357,108,,65240,9 15 7 12,9 15 7 12
163,160,known,1,1,0.000017,4,,65240,9 15 7 12,9 15 7 12
164,160,brute,1,1,0.075135,130321,1,441957,8 16 12 14,8 16 12 14
164,160,columns,1,1,0.000297,108,,441957,8 16 12 14,8 16 12 14
164,160,known,1,1,0.000014,4,,441957,8 16 12 14,8 16 12 14
165,160,brute,1,1,0.075395,130321,1,622566,11 10 6 4,11 10 6 4
165,160,columns,1,1,0.000284,108,,622566,11 10 6 4,11 10 6 4
165,160,known,1,1,0.000016,4,,622566,11 10 6 4,11 10 6 4
166,160,brute,1,1,0.087604,130321,1,681316,9 3 7 9,9 3 7 9
166,160,columns,1,1,0.000258,108,,681316,9 3 7 9,9 3 7 9
166,160,known,1,1,0.000014,4,,681316,9 3 7 9,9 3 7 9
167,160,brute,1,1,0.075070,130321,1,66321,7 15 7 8,7 15 7 8
167,160,columns,1,1,0.000338,108,,66321,7 15 7 8,7 15 7 8
167,160,known,1,1,0.000017,4,,66321,7 15 7 8,7 15 7 8
168,160,brute,1,1,0.074815,130321,1,448134,12 10 10 15,12 10 10 15
168,160,columns,1,1,0.000256,108,,448134,12 10 10 15,12 10 10 15
168,160,known,1,1,0.000016,4,,448134,12 10 10 15,12 10 10 15
169,160,brute,1,1,0.072423,130321,1,184477,7 6 13 9,7 6 13 9
169,160,columns,1,1,0.000353,108,,184477,7 6 13 9,7 6 13 9
169,160,known,1,1,0.000014,4,,184477,7 6 13 9,7 6 13 9
170,160,brute,0,0,0.074462,130321,2,480974,9 12 15 9,9 12 2 9
170,160,columns,1,1,0.000370,108,,480974,9 12 15 9,9 12 15 9
170,160,known,1,1,0.000016,4,,480974,9 12 15 9,9 12 15 9
171,160,brute,1,1,0.082739,130321,1,351532,7 10 3 10,7 10 3 10
171,160,columns,1,1,0.000273,108,,351532,7 10 3 10,7 10 3 10
171,160,known,1,1,0.000016,4,,351532,7 10 3 10,7 10 3 10
172,160,brute,1,1,0.075378,130321,1,367318,3 9 11 8,3 9 11 8
172,160,columns,1,1,0.000278,108,,367318,3 9 11 8,3 9 11 8
172,160,known,1,1,0.000016,4,,367318,3 9 11 8,3 9 11 8
173,160,brute,1,1,0.074319,130321,1,452933,11 2 13 1,11 2 13 1
173,160,columns,1,1,0.000294,108,,452933,11 2 13 1,11 2 13 1
173,160,known,1,1,0.000015,4,,452933,11 2 13 1,11 2 13 1
174,160,brute,1,1,0.082635,130321,1,564641,12 6 1 9,12 6 1 9
174,160,columns,1,1,0.000259,108,,564641,12 6 1 9,12 6 1 9
174,160,known,1,1,0.000017,4,,564641,12 6 1 9,12 6 1 9
175,160,brute,1,1,0.083930,130321,1,115979,12 8 13 9,12 8 13 9
175,160,columns,1,1,0.000293,108,,115979,12 8 13 9,12 8 13 9
175,160,known,1,1,0.000017,4,,115979,12 8 13 9,12 8 13 9
176,160,brute,1,1,0.077886,130321,1,246971,15 13 15 11,15 13 15 11
176,160,columns,1,1,0.000333,108,,246971,15 13 15 11,15 13 15 11
176,160,known,1,1,0.000018,4,,246971,15 13 15 11,15 13 15 11
177,160,brute,1,1,0.075908,130321,1,323008,16 0 8 8,16 0 8 8
177,160,columns,1,1,0.000257,108,,323008,16 0 8 8,16 0 8 8
177,160,known,1,1,0.000015,4,,323008,16 0 8 8,16 0 8 8
178,160,brute,1,1,0.075559,130321,1,493960,12 17 11 10,12 17 11 10
178,160,columns,1,1,0.000286,108,,493960,12 17 11 10,12 17 11 10
178,160,known,1,1,0.000015,4,,493960,12 17 11 10,12 17 11 10
179,160,brute,0,0,0.074650,130321,2,638389,10 4 6 6,10 4 6 2
179,160,columns,1,1,0.000297,108,,638389,10 4 6 6,10 4 6 6
179,160,known,1,1,0.000013,4,,638389,10 4 6 6,10 4 6 6
180,160,brute,1,1,0.084605,130321,1,367838,10 8 9 6,10 8 9 6
180,160,columns,1,1,0.000258,108,,367838,10 8 9 6,10 8 9 6
180,160,known,1,1,0.000014,4,,367838,10 8 9 6,10 8 9 6
181,160,brute,1,1,0.082084,130321,1,490566,5 7 11 11,5 7 11 11
181,160,columns,1,1,0.000248,108,,490566,5 7 11 11,5 7 11 11
181,160,known,1,1,0.000018,4,,490566,5 7 11 11,5 7 11 11
182,160,brute,1,1,0.080486,130321,1,616777,10 4 5 14,10 4 5 14
182,160,columns,1,1,0.000279,108,,616777,10 4 5 14,10 4 5 14
182,160,known,1,1,0.000015,4,,616777,10 4 5 14,10 4 5 14
183,160,brute,1,1,0.079435,130321,1,91512,9 10 12 9,9 10 12 9
183,160,columns,1,1,0.000281,108,,91512,9 10 12 9,9 10 12 9
183,160,known,1,1,0.000015,4,,91512,9 10 12 9,9 10 12 9
184,160,brute,1,1,0.082899,130321,1,59368,0 15 10 11,0 15 10 11
184,160,columns,1,1,0.000253,108,,59368,0 15 10 11,0 15 10 11
184,160,known,1,1,0.000016,4,,59368,0 15 10 11,0 15 10 11
185,160,brute,1,1,0.076858,130321,1,46816,10 2 4 9,10 2 4 9
185,160,columns,1,1,0.000341,108,,46816,10 2 4 9,10 2 4 9
185,160,known,1,1,0.000018,4,,46816,10 2 4 9,10 2 4 9
186,160,brute,1,1,0.075477,130321,1,528474,8 7 6 7,8 7 6 7
186,160,columns,1,1,0.000246,108,,528474,8 7 6 7,8 7 6 7
186,160,known,1,1,0.000013,4,,528474,8 7 6 7,8 7 6 7
187,160,brute,1,1,0.076659,130321,1,423360,5 3 11 11,5 3 11 11
187,160,columns,1,1,0.000263,108,,423360,5 3 11 11,5 3 11 11
187,160,known,1,1,0.000016,4,,423360,5 3 11 11,5 3 11 11
188,160,brute,1,1,0.076874,130321,1,3959,6 9 17 11,6 9 17 11
188,160,columns,1,1,0.000297,108,,3959,6 9 17 11,6 9 17 11
188,160,known,1,1,0.000014,4,,3959,6 9 17 11,6 9 17 11
189,160,brute,1,1,0.082345,130321,1,342391,8 13 7 10,8 13 7 10
189,160,columns,1,1,0.000293,108,,342391,8 13 7 10,8 13 7 10
189,160,known,1,1,0.000018,4,,342391,8 13 7 10,8 13 7 10
190,160,brute,1,1,0.077207,130321,1,662340,9 11 10 7,9 11 10 7
190,160,columns,1,1,0.000295,108,,662340,9 11 10 7,9 11 10 7
190,160,known,1,1,0.000017,4,,662340,9 11 10 7,9 11 10 7
191,160,brute,0,0,0.074257,130321,5,93349,6 9 8 6,5 9 8 6
191,160,columns,1,1,0.000299,108,,93349,6 9 8 6,6 9 8 6
191,160,known,1,1,0.000015,4,,93349,6 9 8 6,6 9 8 6
192,160,brute,1,1,0.073204,130321,1,515364,8 11 8 1,8 11 8 1
192,160,columns,1,1,0.000242,108,,515364,8 11 8 1,8 11 8 1
192,160,known,1,1,0.000013,4,,515364,8 11 8 1,8 11 8 1
193,160,brute,1,1,0.076228,130321,1,490698,6 15 9 8,6 15 9 8
193,160,columns,1,1,0.000261,108,,490698,6 15 9 8,6 15 9 8
193,160,known,1,1,0.000015,4,,490698,6 15 9 8,6 15 9 8
194,160,brute,1,1,0.074114,130321,1,196320,8 14 11 9,8 14 11 9
194,160,columns,1,1,0.000304,108,,196320,8 14 11 9,8 14 11 9
194,160,known,1,1,0.000015,4,,196320,8 14 11 9,8 14 11 9
195,160,brute,1,1,0.078090,130321,1,450212,13 7 10 8,13 7 10 8
195,160,columns,1,1,0.000262,108,,450212,13 7 10 8,13 7 10 8
195,160,known,1,1,0.000013,4,,450212,13 7 10 8,13 7 10 8
196,160,brute,1,1,0.069188,130321,1,89008,16 14 0 1,16 14 0 1
196,160,columns,1,1,0.000288,108,,89008,16 14 0 1,16 14 0 1
196,160,known,1,1,0.000013,4,,89008,16 14 0 1,16 14 0 1
197,160,brute,1,1,0.077278,130321,1,484283,7 15 14 6,7 15 14 6
197,160,columns,1,1,0.000335,108,,484283,7 15 14 6,7 15 14 6
197,160,known,1,1,0.000017,4,,484283,7 15 14 6,7 15 14 6
198,160,brute,1,1,0.068231,130321,1,47896,13 3 15 17,13 3 15 17
198,160,columns,1,1,0.000266,108,,47896,13 3 15 17,13 3 15 17
198,160,known,1,1,0.000028,4,,47896,13 3 15 17,13 3 15 17
199,160,brute,0,0,0.069947,130321,2,544666,3 2 9 11,16 2 9 11
199,160,columns,1,1,0.000786,108,,544666,3 2 9 11,3 2 9 11
199,160,known,1,1,0.000017,4,,544666,3 2 9 11,3 2 9 11
0,320,brute,1,1,0.144955,130321,1,43833,8 6 3 7,8 6 3 7
0,320,columns,1,1,0.000542,108,,43833,8 6 3 7,8 6 3 7
0,320,known,1,1,0.000021,4,,43833,8 6 3 7,8 6 3 7
1,320,brute,1,1,0.080816,130321,1,331327,8 10 4 8,8 10 4 8
1,320,columns,1,1,0.000402,108,,331327,8 10 4 8,8 10 4 8
1,320,known,1,1,0.000018,4,,331327,8 10 4 8,8 10 4 8
2,320,brute,1,1,0.089598,130321,1,477843,10 10 9 13,10 10 9 13
2,320,columns,1,1,0.000392,108,,477843,10 10 9 13,10 10 9 13
2,320,known,1,1,0.000017,4,,477843,10 10 9 13,10 10 9 13
3,320,brute,1,1,0.074468,130321,1,73123,4 10 6 6,4 10 6 6
3,320,columns,1,1,0.000409,108,,73123,4 10 6 6,4 10 6 6
3,320,known,1,1,0.000017,4,,73123,4 10 6 6,4 10 6 6
4,320,brute,1,1,0.066112,130321,1,257628,4 7 9 9,4 7 9 9
4,320,columns,1,1,0.000351,108,,257628,4 7 9 9,4 7 9 9
4,320,known,1,1,0.000014,4,,257628,4 7 9 9,4 7 9 9
5,320,brute,1,1,0.064850,130321,1,555987,13 10 10 11,13 10 10 11
5,320,columns,1,1,0.000339,108,,555987,13 10 10 11,13 10 10 11
5,320,known,1,1,0.000015,4,,555987,13 10 10 11,13 10 10 11
6,320,brute,1,1,0.065759,130321,1,126170,12 9 11 12,12 9 11 12
6,320,columns,1,1,0.000388,108,,126170,12 9 11 12,12 9 11 12
6,320,known,1,1,0.000015,4,,126170,12 9 11 12,12 9 11 12
7,320,brute,1,1,0.064038,130321,1,444879,8 7 7 7,8 7 7 7
7,320,columns,1,1,0.000356,108,,444879,8 7 7 7,8 7 7 7
7,320,known,1,1,0.000015,4,,444879,8 7 7 7,8 7 7 7
8,320,brute,1,1,0.073126,130321,1,686716,3 6 12 13,3 6 12 13
8,320,columns,1,1,0.000367,108,,686716,3 6 12 13,3 6 12 13
8,320,known,1,1,0.000016,4,,686716,3 6 12 13,3 6 12 13
9,320,brute,1,1,0.070763,130321,1,242426,6 8 4 9,6 8 4 9
9,320,columns,1,1,0.000403,108,,242426,6 8 4 9,6 8 4 9
9,320,known,1,1,0.000014,4,,242426,6 8 4 9,6 8 4 9
10,320,brute,1,1,0.067797,130321,1,300344,14 8 5 10,14 8 5 10
10,320,columns,1,1,0.000374,108,,300344,14 8 5 10,14 8 5 10
10,320,known,1,1,0.000016,4,,300344,14 8 5 10,14 8 5 10
11,320,brute,1,1,0.067754,130321,1,331651,10 11 8 13,10 11 8 13
11,320,columns,1,1,0.000380,108,,331651,10 11 8 13,10 11 8 13
11,320,known,1,1,0.000016,4,,331651,10 11 8 13,10 11 8 13
12,320,brute,1,1,0.066192,130321,1,250777,7 13 3 8,7 13 3 8
12,320,columns,1,1,0.000375,108,,250777,7 13 3 8,7 13 3 8
12,320,known,1,1,0.000014,4,,250777,7 13 3 8,7 13 3 8
13,320,brute,1,1,0.063716,130321,1,556918,14 3 9 11,14 3 9 11
13,320,columns,1,1,0.000319,108,,556918,14 3 9 11,14 3 9 11
13,320,known,1,1,0.000013,4,,556918,14 3 9 11,14 3 9 11
14,320,brute,1,1,0.063111,130321,1,665849,10 12 6 8,10 12 6 8
14,320,columns,1,1,0.000297,108,,665849,10 12 6 8,10 12 6 8
14,320,known,1,1,0.000013,4,,665849,10 12 6 8,10 12 6 8
15,320,brute,1,1,0.067634,130321,1,455308,7 14 6 9,7 14 6 9
15,320,columns,1,1,0.000336,108,,455308,7 14 6 9,7 14 6 9
15,320,known,1,1,0.000013,4,,455308,7 14 6 9,7 14 6 9
16,320,brute,1,1,0.063354,130321,1,155344,7 11 2 3,7 11 2 3
16,320,columns,1,1,0.000330,108,,155344,7 11 2 3,7 11 2 3
16,320,known,1,1,0.000014,4,,155344,7 11 2 3,7 11 2 3
17,320,brute,1,1,0.067651,130321,1,142383,14 16 12 12,14 16 12 12
17,320,columns,1,1,0.000314,108,,142383,14 16 12 12,14 16 12 12
17,320,known,1,1,0.000013,4,,142383,14 16 12 12,14 16 12 12
18,320,brute,1,1,0.063891,130321,1,312800,8 11 8 1,8 11 8 1
18,320,columns,1,1,0.000366,108,,312800,8 11 8 1,8 11 8 1
18,320,known,1,1,0.000017,4,,312800,8 11 8 1,8 11 8 1
19,320,brute,1,1,0.064539,130321,1,461844,11 2 11 8,11 2 11 8
19,320,columns,1,1,0.000382,108,,461844,11 2 11 8,11 2 11 8
19,320,known,1,1,0.000016,4,,461844,11 2 11 8,11 2 11 8
20,320,brute,1,1,0.066481,130321,1,548801,4 3 3 6,4 3 3 6
20,320,columns,1,1,0.000447,108,,548801,4 3 3 6,4 3 3 6
20,320,known,1,1,0.000016,4,,548801,4 3 3 6,4 3 3 6
21,320,brute,1,1,0.069067,130321,1,327345,11 8 4 13,11 8 4 13
21,320,columns,1,1,0.000366,108,,327345,11 8 4 13,11 8 4 13
21,320,known,1,1,0.000015,4,,327345,11 8 4 13,11 8 4 13
22,320,brute,1,1,0.065432,130321,1,572259,12 7 17 3,12 7 17 3
22,320,columns,1,1,0.000338,108,,572259,12 7 17 3,12 7 17 3
22,320,known,1,1,0.000016,4,,572259,12 7 17 3,12 7 17 3
23,320,brute,1,1,0.065993,130321,1,415752,14 12 7 2,14 12 7 2
23,320,columns,1,1,0.000349,108,,415752,14 12 7 2,14 12 7 2
23,320,known,1,1,0.000015,4,,415752,14 12 7 2,14 12 7 2
24,320,brute,1,1,0.065156,130321,1,340156,8 13 2 8,8 13 2 8
24,320,columns,1,1,0.000360,108,,340156,8 13 2 8,8 13 2 8
24,320,known,1,1,0.000015,4,,340156,8 13 2 8,8 13 2 8
25,320,brute,1,1,0.061882,130321,1,538372,6 7 6 13,6 7 6 13
25,320,columns,1,1,0.000305,108,,538372,6 7 6 13,6 7 6 13
25,320,known,1,1,0.000014,4,,538372,6 7 6 13,6 7 6 13
26,320,brute,1,1,0.061998,130321,1,404371,10 7 5 4,10 7 5 4
26,320,columns,1,1,0.000321,108,,404371,10 7 5 4,10 7 5 4
26,320,known,1,1,0.000014,4,,404371,10 7 5 4,10 7 5 4
27,320,brute,0,0,0.061640,130321,66,215750,3 15 11 7,3 15 7 7
27,320,columns,0,0,0.000378,108,,215750,3 15 11 7,3 15 18 7
27,320,known,1,1,0.000017,4,,215750,3 15 11 7,3 15 11 7
28,320,brute,1,1,0.061388,130321,1,345771,3 12 7 6,3 12 7 6
28,320,columns,1,1,0.000319,108,,345771,3 12 7 6,3 12 7 6
28,320,known,1,1,0.000014,4,,345771,3 12 7 6,3 12 7 6
29,320,brute,1,1,0.061604,130321,1,478578,7 4 9 7,7 4 9 7
29,320,columns,1,1,0.000328,108,,478578,7 4 9 7,7 4 9 7
29,320,known,1,1,0.000014,4,,478578,7 4 9 7,7 4 9 7
30,320,brute,1,1,0.062873,130321,1,190933,4 6 5 3,4 6 5 3
30,320,columns,1,1,0.000348,108,,190933,4 6 5 3,4 6 5 3
30,320,known,1,1,0.000014,4,,190933,4 6 5 3,4 6 5 3
31,320,brute,1,1,0.059579,130321,1,528510,6 8 11 9,6 8 11 9
31,320,columns,1,1,0.000290,108,,528510,6 8 11 9,6 8 11 9
31,320,known,1,1,0.000013,4,,528510,6 8 11 9,6 8 11 9
32,320,brute,1,1,0.061769,130321,1,278604,14 10 5 2,14 10 5 2
32,320,columns,1,1,0.000357,108,,278604,14 10 5 2,14 10 5 2
32,320,known,1,1,0.000014,4,,278604,14 10 5 2,14 10 5 2
33,320,brute,1,1,0.063904,130321,1,402889,5 9 13 2,5 9 13 2
33,320,columns,1,1,0.000344,108,,402889,5 9 13 2,5 9 13 2
33,320,known,1,1,0.000015,4,,402889,5 9 13 2,5 9 13 2
34,320,brute,1,1,0.061121,130321,1,327070,12 9 13 18,12 9 13 18
34,320,columns,1,1,0.000303,108,,327070,12 9 13 18,12 9 13 18
34,320,known,1,1,0.000014,4,,327070,12 9 13 18,12 9 13 18
35,320,brute,1,1,0.060697,130321,1,623111,16 14 9 8,16 14 9 8
35,320,columns,1,1,0.000313,108,,623111,16 14 9 8,16 14 9 8
35,320,known,1,1,0.000013,4,,623111,16 14 9 8,16 14 9 8
36,320,brute,1,1,0.061970,130321,1,667831,5 9 11 7,5 9 11 7
36,320,columns,1,1,0.000378,108,,667831,5 9 11 7,5 9 11 7
36,320,known,1,1,0.000014,4,,667831,5 9 11 7,5 9 11 7
37,320,brute,1,1,0.061220,130321,1,271288,9 8 12 7,9 8 12 7
37,320,columns,1,1,0.000299,108,,271288,9 8 12 7,9 8 12 7
37,320,known,1,1,0.000014,4,,271288,9 8 12 7,9 8 12 7
38,320,brute,1,1,0.062015,130321,1,587306,12 14 18 7,12 14 18 7
38,320,columns,1,1,0.000315,108,,587306,12 14 18 7,12 14 18 7
38,320,known,1,1,0.000014,4,,587306,12 14 18 7,12 14 18 7
39,320,brute,1,1,0.061711,130321,1,253774,5 12 8 3,5 12 8 3
39,320,columns,1,1,0.000347,108,,253774,5 12 8 3,5 12 8 3
39,320,known,1,1,0.000013,4,,253774,5 12 8 3,5 12 8 3
40,320,brute,1,1,0.059478,130321,1,260897,10 6 3 4,10 6 3 4
40,320,columns,1,1,0.000322,108,,260897,10 6 3 4,10 6 3 4
40,320,known,1,1,0.000013,4,,260897,10 6 3 4,10 6 3 4
41,320,brute,1,1,0.061697,130321,1,464527,4 14 7 17,4 14 7 17
41,320,columns,1,1,0.000326,108,,464527,4 14 7 17,4 14 7 17
41,320,known,1,1,0.000015,4,,464527,4 14 7 17,4 14 7 17
42,320,brute,1,1,0.062352,130321,1,570037,6 12 7 8,6 12 7 8
42,320,columns,1,1,0.000368,108,,570037,6 12 7 8,6 12 7 8
42,320,known,1,1,0.000015,4,,570037,6 12 7 8,6 12 7 8
43,320,brute,1,1,0.061346,130321,1,144017,10 11 8 13,10 11 8 13
43,320,columns,1,1,0.000326,108,,144017,10 11 8 13,10 11 8 13
43,320,known,1,1,0.000013,4,,144017,10 11 8 13,10 11 8 13
44,320,brute,1,1,0.064536,130321,1,535629,9 12 6 9,9 12 6 9
44,320,columns,1,1,0.000375,108,,535629,9 12 6 9,9 12 6 9
44,320,known,1,1,0.000022,4,,535629,9 12 6 9,9 12 6 9
45,320,brute,1,1,0.058717,130321,1,111938,0 9 13 14,0 9 13 14
45,320,columns,1,1,0.000524,108,,111938,0 9 13 14,0 9 13 14
45,320,known,1,1,0.000016,4,,111938,0 9 13 14,0 9 13 14
46,320,brute,1,1,0.061623,130321,1,312461,14 1 6 9,14 1 6 9
46,320,columns,1,1,0.000309,108,,312461,14 1 6 9,14 1 6 9
46,320,known,1,1,0.000014,4,,312461,14 1 6 9,14 1 6 9
47,320,brute,1,1,0.059737,130321,1,420362,7 6 7 5,7 6 7 5
47,320,columns,1,1,0.000294,108,,420362,7 6 7 5,7 6 7 5
47,320,known,1,1,0.000015,4,,420362,7 6 7 5,7 6 7 5
48,320,brute,1,1,0.064105,130321,1,455826,1 13 7 4,1 13 7 4
48,320,columns,1,1,0.000387,108,,455826,1 13 7 4,1 13 7 4
48,320,known,1,1,0.000017,4,,455826,1 13 7 4,1 13 7 4
49,320,brute,1,1,0.061801,130321,1,662229,7 13 4 13,7 13 4 13
49,320,columns,1,1,0.000330,108,,662229,7 13 4 13,7 13 4 13
49,320,known,1,1,0.000015,4,,662229,7 13 4 13,7 13 4 13
50,320,brute,1,1,0.063239,130321,1,405609,0 17 0 9,0 17 0 9
50,320,columns,1,1,0.000305,108,,405609,0 17 0 9,0 17 0 9
50,320,known,1,1,0.000016,4,,405609,0 17 0 9,0 17 0 9
51,320,brute,1,1,0.060950,130321,1,474515,8 13 3 6,8 13 3 6
51,320,columns,1,1,0.000501,108,,474515,8 13 3 6,8 13 3 6
51,320,known,1,1,0.000027,4,,474515,8 13 3 6,8 13 3 6
52,320,brute,1,1,0.060023,130321,1,133375,8 4 9 11,8 4 9 11
52,320,columns,1,1,0.000300,108,,133375,8 4 9 11,8 4 9 11
52,320,known,1,1,0.000012,4,,133375,8 4 9 11,8 4 9 11
53,320,brute,1,1,0.062325,130321,1,238049,17 9 6 6,17 9 6 6
53,320,columns,1,1,0.000328,108,,238049,17 9 6 6,17 9 6 6
53,320,known,1,1,0.000015,4,,238049,17 9 6 6,17 9 6 6
54,320,brute,1,1,0.068710,130321,1,434726,8 10 4 7,8 10 4 7
54,320,columns,1,1,0.000402,108,,434726,8 10 4 7,8 10 4 7
54,320,known,1,1,0.000020,4,,434726,8 10 4 7,8 10 4 7
55,320,brute,1,1,0.063323,130321,1,204339,8 18 13 10,8 18 13 10
55,320,columns,1,1,0.000327,108,,204339,8 18 13 10,8 18 13 10
55,320,known,1,1,0.000015,4,,204339,8 18 13 10,8 18 13 10
56,320,brute,1,1,0.066522,130321,1,477655,10 12 8 10,10 12 8 10
56,320,columns,1,1,0.000315,108,,477655,10 12 8 10,10 12 8 10
56,320,known,1,1,0.000015,4,,477655,10 12 8 10,10 12 8 10
57,320,brute,1,1,0.064585,130321,1,193623,3 4 11 1,3 4 11 1
57,320,columns,1,1,0.000359,108,,193623,3 4 11 1,3 4 11 1
57,320,known,1,1,0.000015,4,,193623,3 4 11 1,3 4 11 1
58,320,brute,1,1,0.063085,130321,1,393147,13 10 6 4,13 10 6 4
58,320,columns,1,1,0.000322,108,,393147,13 10 6 4,13 10 6 4
58,320,known,1,1,0.000014,4,,393147,13 10 6 4,13 10 6 4
59,320,brute,1,1,0.063698,130321,1,563024,9 5 6 9,9 5 6 9
59,320,columns,1,1,0.000313,108,,563024,9 5 6 9,9 5 6 9
59,320,known,1,1,0.000017,4,,563024,9 5 6 9,9 5 6 9
60,320,brute,1,1,0.064135,130321,1,272869,12 9 10 12,12 9 10 12
60,320,columns,1,1,0.000358,108,,272869,12 9 10 12,12 9 10 12
60,320,known,1,1,0.000015,4,,272869,12 9 10 12,12 9 10 12
61,320,brute,1,1,0.060982,130321,1,304522,12 11 10 13,12 11 10 13
61,320,columns,1,1,0.000328,108,,304522,12 11 10 13,12 11 10 13
61,320,known,1,1,0.000014,4,,304522,12 11 10 13,12 11 10 13
62,320,brute,1,1,0.064091,130321,1,452896,11 6 5 4,11 6 5 4
62,320,columns,1,1,0.000355,108,,452896,11 6 5 4,11 6 5 4
62,320,known,1,1,0.000018,4,,452896,11 6 5 4,11 6 5 4
63,320,brute,1,1,0.064464,130321,1,444208,7 13 10 8,7 13 10 8
63,320,columns,1,1,0.000340,108,,444208,7 13 10 8,7 13 10 8
63,320,known,1,1,0.000015,4,,444208,7 13 10 8,7 13 10 8
64,320,brute,1,1,0.063967,130321,1,260484,13 10 12 17,13 10 12 17
64,320,columns,1,1,0.000309,108,,260484,13 10 12 17,13 10 12 17
64,320,known,1,1,0.000014,4,,260484,13 10 12 17,13 10 12 17
65,320,brute,1,1,0.067448,130321,1,263950,13 6 3 10,13 6 3 10
65,320,columns,1,1,0.000369,108,,263950,13 6 3 10,13 6 3 10
65,320,known,1,1,0.000021,4,,263950,13 6 3 10,13 6 3 10
66,320,brute,1,1,0.064720,130321,1,511617,8 10 4 11,8 10 4 11
66,320,columns,1,1,0.000328,108,,511617,8 10 4 11,8 10 4 11
66,320,known,1,1,0.000014,4,,511617,8 10 4 11,8 10 4 11
67,320,brute,0,0,0.062251,130321,2,613241,7 3 15 15,7 3 0 15
67,320,columns,1,1,0.000310,108,,613241,7 3 15 15,7 3 15 15
67,320,known,1,1,0.000014,4,,613241,7 3 15 15,7 3 15 15
68,320,brute,1,1,0.067016,130321,1,100550,7 14 7 11,7 14 7 11
68,320,columns,1,1,0.000351,108,,100550,7 14 7 11,7 14 7 11
68,320,known,1,1,0.000017,4,,100550,7 14 7 11,7 14 7 11
69,320,brute,1,1,0.062422,130321,1,674570,11 4 8 2,11 4 8 2
69,320,columns,1,1,0.000366,108,,674570,11 4 8 2,11 4 8 2
69,320,known,1,1,0.000015,4,,674570,11 4 8 2,11 4 8 2
70,320,brute,1,1,0.066230,130321,1,535121,11 11 4 18,11 11 4 18
70,320,columns,1,1,0.000324,108,,535121,11 11 4 18,11 11 4 18
70,320,known,1,1,0.000016,4,,535121,11 11 4 18,11 11 4 18
71,320,brute,1,1,0.062514,130321,1,412767,5 8 14 18,5 8 14 18
71,320,columns,1,1,0.000333,108,,412767,5 8 14 18,5 8 14 18
71,320,known,1,1,0.000018,4,,412767,5 8 14 18,5 8 14 18
72,320,brute,1,1,0.065270,130321,1,40548,7 14 13 7,7 14 13 7
72,320,columns,1,1,0.000422,108,,40548,7 14 13 7,7 14 13 7
72,320,known,1,1,0.000043,4,,40548,7 14 13 7,7 14 13 7
73,320,brute,1,1,0.066096,130321,1,49667,4 7 4 12,4 7 4 12
73,320,columns,1,1,0.000360,108,,49667,4 7 4 12,4 7 4 12
73,320,known,1,1,0.000015,4,,49667,4 7 4 12,4 7 4 12
74,320,brute,1,1,0.061525,130321,1,447040,8 4 13 10,8 4 13 10
74,320,columns,1,1,0.000336,108,,447040,8 4 13 10,8 4 13 10
74,320,known,1,1,0.000038,4,,447040,8 4 13 10,8 4 13 10
75,320,brute,1,1,0.062831,130321,1,110099,15 8 6 3,15 8 6 3
75,320,columns,1,1,0.000338,108,,110099,15 8 6 3,15 8 6 3
75,320,known,1,1,0.000015,4,,110099,15 8 6 3,15 8 6 3
76,320,brute,1,1,0.064443,130321,1,583819,16 4 12 7,16 4 12 7
76,320,columns,1,1,0.000297,108,,583819,16 4 12 7,16 4 12 7
76,320,known,1,1,0.000015,4,,583819,16 4 12 7,16 4 12 7
77,320,brute,1,1,0.062621,130321,1,661646,7 15 4 9,7 15 4 9
77,320,columns,1,1,0.000316,108,,661646,7 15 4 9,7 15 4 9
77,320,known,1,1,0.000016,4,,661646,7 15 4 9,7 15 4 9
78,320,brute,1,1,0.066105,130321,1,386915,4 8 0 4,4 8 0 4
78,320,columns,1,1,0.000350,108,,386915,4 8 0 4,4 8 0 4
78,320,known,1,1,0.000022,4,,386915,4 8 0 4,4 8 0 4
79,320,brute,1,1,0.071589,130321,1,452473,10 9 7 15,10 9 7 15
79,320,columns,1,1,0.000396,108,,452473,10 9 7 15,10 9 7 15
79,320,known,1,1,0.000017,4,,452473,10 9 7 15,10 9 7 15
80,320,brute,1,1,0.143351,130321,1,186660,6 14 2 12,6 14 2 12
80,320,columns,1,1,0.000396,108,,186660,6 14 2 12,6 14 2 12
80,320,known,1,1,0.000018,4,,186660,6 14 2 12,6 14 2 12
81,320,brute,1,1,0.075781,130321,1,14020,7 13 7 1,7 13 7 1
81,320,columns,1,1,0.000444,108,,14020,7 13 7 1,7 13 7 1
81,320,known,1,1,0.000019,4,,14020,7 13 7 1,7 13 7 1
82,320,brute,1,1,0.071823,130321,1,334459,5 12 8 9,5 12 8 9
82,320,columns,1,1,0.000379,108,,334459,5 12 8 9,5 12 8 9
82,320,known,1,1,0.000019,4,,334459,5 12 8 9,5 12 8 9
83,320,brute,1,1,0.068196,130321,1,322452,7 2 16 10,7 2 16 10
83,320,columns,1,1,0.000354,108,,322452,7 2 16 10,7 2 16 10
83,320,known,1,1,0.000017,4,,322452,7 2 16 10,7 2 16 10
84,320,brute,1,1,0.068590,130321,1,370143,14 12 8 5,14 12 8 5
84,320,columns,1,1,0.000427,108,,370143,14 12 8 5,14 12 8 5
84,320,known,1,1,0.000016,4,,370143,14 12 8 5,14 12 8 5
85,320,brute,1,1,0.069471,130321,1,496198,3 13 15 11,3 13 15 11
85,320,columns,1,1,0.000355,108,,496198,3 13 15 11,3 13 15 11
85,320,known,1,1,0.000015,4,,496198,3 13 15 11,3 13 15 11
86,320,brute,1,1,0.063414,130321,1,392889,5 5 5 8,5 5 5 8
86,320,columns,1,1,0.000423,108,,392889,5 5 5 8,5 5 5 8
86,320,known,1,1,0.000023,4,,392889,5 5 5 8,5 5 5 8
87,320,brute,1,1,0.063647,130321,1,599046,8 8 9 0,8 8 9 0
87,320,columns,1,1,0.000353,108,,599046,8 8 9 0,8 8 9 0
87,320,known,1,1,0.000016,4,,599046,8 8 9 0,8 8 9 0
88,320,brute,1,1,0.065104,130321,1,83924,5 2 7 12,5 2 7 12
88,320,columns,1,1,0.000372,108,,83924,5 2 7 12,5 2 7 12
88,320,known,1,1,0.000014,4,,83924,5 2 7 12,5 2 7 12
89,320,brute,1,1,0.065230,130321,1,410278,9 10 8 16,9 10 8 16
89,320,columns,1,1,0.000319,108,,410278,9 10 8 16,9 10 8 16
89,320,known,1,1,0.000015,4,,410278,9 10 8 16,9 10 8 16
90,320,brute,1,1,0.070550,130321,1,530032,14 11 9 14,14 11 9 14
90,320,columns,1,1,0.000418,108,,530032,14 11 9 14,14 11 9 14
90,320,known,1,1,0.000018,4,,530032,14 11 9 14,14 11 9 14
91,320,brute,1,1,0.070078,130321,1,642043,7 7 10 12,7 7 10 12
91,320,columns,1,1,0.000401,108,,642043,7 7 10 12,7 7 10 12
91,320,known,1,1,0.000021,4,,642043,7 7 10 12,7 7 10 12
92,320,brute,1,1,0.068474,130321,1,505190,15 15 7 9,15 15 7 9
92,320,columns,1,1,0.000442,108,,505190,15 15 7 9,15 15 7 9
92,320,known,1,1,0.000017,4,,505190,15 15 7 9,15 15 7 9
93,320,brute,1,1,0.069303,130321,1,493904,9 14 6 7,9 14 6 7
93,320,columns,1,1,0.000490,108,,493904,9 14 6 7,9 14 6 7
93,320,known,1,1,0.000020,4,,493904,9 14 6 7,9 14 6 7
94,320,brute,1,1,0.068433,130321,1,24966,8 11 6 11,8 11 6 11
94,320,columns,1,1,0.000344,108,,24966,8 11 6 11,8 11 6 11
94,320,known,1,1,0.000015,4,,24966,8 11 6 11,8 11 6 11
95,320,brute,1,1,0.065552,130321,1,14092,8 8 8 11,8 8 8 11
95,320,columns,1,1,0.000325,108,,14092,8 8 8 11,8 8 8 11
95,320,known,1,1,0.000016,4,,14092,8 8 8 11,8 8 8 11
96,320,brute,1,1,0.068590,130321,1,643186,6 16 17 17,6 16 17 17
96,320,columns,1,1,0.000428,108,,643186,6 16 17 17,6 16 17 17
96,320,known,1,1,0.000018,4,,643186,6 16 17 17,6 16 17 17
97,320,brute,1,1,0.065122,130321,1,421049,10 16 7 8,10 16 7 8
97,320,columns,1,1,0.000360,108,,421049,10 16 7 8,10 16 7 8
97,320,known,1,1,0.000019,4,,421049,10 16 7 8,10 16 7 8
98,320,brute,1,1,0.067142,130321,1,679480,6 8 17 15,6 8 17 15
98,320,columns,1,1,0.000320,108,,679480,6 8 17 15,6 8 17 15
98,320,known,1,1,0.000015,4,,679480,6 8 17 15,6 8 17 15
99,320,brute,1,1,0.063344,130321,1,471270,18 8 5 7,18 8 5 7
99,320,columns,1,1,0.000413,108,,471270,18 8 5 7,18 8 5 7
99,320,known,1,1,0.000019,4,,471270,18 8 5 7,18 8 5 7
100,320,brute,1,1,0.064715,130321,1,352643,7 13 15 7,7 13 15 7
100,320,columns,1,1,0.000376,108,,352643,7 13 15 7,7 13 15 7
100,320,known,1,1,0.000019,4,,352643,7 13 15 7,7 13 15 7
101,320,brute,1,1,0.065067,130321,1,184774,9 2 5 5,9 2 5 5
101,320,columns,1,1,0.000366,108,,184774,9 2 5 5,9 2 5 5
101,320,known,1,1,0.000018,4,,184774,9 2 5 5,9 2 5 5
102,320,brute,1,1,0.063725,130321,1,187216,12 6 1 5,12 6 1 5
102,320,columns,1,1,0.000340,108,,187216,12 6 1 5,12 6 1 5
102,320,known,1,1,0.000015,4,,187216,12 6 1 5,12 6 1 5
103,320,brute,1,1,0.062951,130321,1,508955,16 17 13 9,16 17 13 9
103,320,columns,1,1,0.000321,108,,508955,16 17 13 9,16 17 13 9
103,320,known,1,1,0.000016,4,,508955,16 17 13 9,16 17 13 9
104,320,brute,1,1,0.062812,130321,1,451051,9 8 4 12,9 8 4 12
104,320,columns,1,1,0.000342,108,,451051,9 8 4 12,9 8 4 12
104,320,known,1,1,0.000016,4,,451051,9 8 4 12,9 8 4 12
105,320,brute,1,1,0.067749,130321,1,379975,8 9 8 14,8 9 8 14
105,320,columns,1,1,0.000384,108,,379975,8 9 8 14,8 9 8 14
105,320,known,1,1,0.000015,4,,379975,8 9 8 14,8 9 8 14
106,320,brute,1,1,0.064568,130321,1,426182,9 4 7 10,9 4 7 10
106,320,columns,1,1,0.000385,108,,426182,9 4 7 10,9 4 7 10
106,320,known,1,1,0.000015,4,,426182,9 4 7 10,9 4 7 10
107,320,brute,1,1,0.062916,130321,1,171207,4 2 9 7,4 2 9 7
107,320,columns,1,1,0.000348,108,,171207,4 2 9 7,4 2 9 7
107,320,known,1,1,0.000017,4,,171207,4 2 9 7,4 2 9 7
108,320,brute,1,1,0.061275,130321,1,669990,8 1 5 9,8 1 5 9
108,320,columns,1,1,0.000368,108,,669990,8 1 5 9,8 1 5 9
108,320,known,1,1,0.000016,4,,669990,8 1 5 9,8 1 5 9
109,320,brute,1,1,0.062931,130321,1,89514,2 6 11 12,2 6 11 12
109,320,columns,1,1,0.000320,108,,89514,2 6 11 12,2 6 11 12
109,320,known,1,1,0.000017,4,,89514,2 6 11 12,2 6 11 12
110,320,brute,1,1,0.065432,130321,1,383498,9 5 0 3,9 5 0 3
110,320,columns,1,1,0.000337,108,,383498,9 5 0 3,9 5 0 3
110,320,known,1,1,0.000015,4,,383498,9 5 0 3,9 5 0 3
111,320,brute,1,1,0.068961,130321,1,18715,1 5 2 6,1 5 2 6
111,320,columns,1,1,0.000344,108,,18715,1 5 2 6,1 5 2 6
111,320,known,1,1,0.000014,4,,18715,1 5 2 6,1 5 2 6
112,320,brute,1,1,0.065752,130321,1,462908,8 9 5 15,8 9 5 15
112,320,columns,1,1,0.000484,108,,462908,8 9 5 15,8 9 5 15
112,320,known,1,1,0.000015,4,,462908,8 9 5 15,8 9 5 15
113,320,brute,1,1,0.063994,130321,1,230822,14 2 2 11,14 2 2 11
113,320,columns,1,1,0.000385,108,,230822,14 2 2 11,14 2 2 11
113,320,known,1,1,0.000026,4,,230822,14 2 2 11,14 2 2 11
114,320,brute,1,1,0.061572,130321,1,589717,9 8 13 18,9 8 13 18
114,320,columns,1,1,0.000385,108,,589717,9 8 13 18,9 8 13 18
114,320,known,1,1,0.000016,4,,589717,9 8 13 18,9 8 13 18
115,320,brute,1,1,0.066191,130321,1,270337,10 11 17 8,10 11 17 8
115,320,columns,1,1,0.000325,108,,270337,10 11 17 8,10 11 17 8
115,320,known,1,1,0.000016,4,,270337,10 11 17 8,10 11 17 8
116,320,brute,1,1,0.062587,130321,1,623393,8 18 8 3,8 18 8 3
116,320,columns,1,1,0.000335,108,,623393,8 18 8 3,8 18 8 3
116,320,known,1,1,0.000016,4,,623393,8 18 8 3,8 18 8 3
117,320,brute,1,1,0.062813,130321,1,180765,5 13 6 6,5 13 6 6
117,320,columns,1,1,0.000364,108,,180765,5 13 6 6,5 13 6 6
117,320,known,1,1,0.000015,4,,180765,5 13 6 6,5 13 6 6
118,320,brute,1,1,0.066062,130321,1,190423,9 14 17 1,9 14 17 1
118,320,columns,1,1,0.000476,108,,190423,9 14 17 1,9 14 17 1
118,320,known,1,1,0.000017,4,,190423,9 14 17 1,9 14 17 1
119,320,brute,1,1,0.061714,130321,1,296880,7 12 5 6,7 12 5 6
119,320,columns,1,1,0.000304,108,,296880,7 12 5 6,7 12 5 6
119,320,known,1,1,0.000022,4,,296880,7 12 5 6,7 12 5 6
120,320,brute,1,1,0.060669,130321,1,674547,5 2 7 5,5 2 7 5
120,320,columns,1,1,0.000345,108,,674547,5 2 7 5,5 2 7 5
120,320,known,1,1,0.000015,4,,674547,5 2 7 5,5 2 7 5
121,320,brute,1,1,0.064358,130321,1,79392,7 3 7 9,7 3 7 9
121,320,columns,1,1,0.000299,108,,79392,7 3 7 9,7 3 7 9
121,320,known,1,1,0.000014,4,,79392,7 3 7 9,7 3 7 9
122,320,brute,1,1,0.065450,130321,1,424109,7 7 10 9,7 7 10 9
122,320,columns,1,1,0.000334,108,,424109,7 7 10 9,7 7 10 9
122,320,known,1,1,0.000015,4,,424109,7 7 10 9,7 7 10 9
123,320,brute,1,1,0.061956,130321,1,116278,1 6 7 14,1 6 7 14
123,320,columns,1,1,0.000391,108,,116278,1 6 7 14,1 6 7 14
123,320,known,1,1,0.000018,4,,116278,1 6 7 14,1 6 7 14
124,320,brute,1,1,0.065284,130321,1,589305,9 7 8 8,9 7 8 8
124,320,columns,1,1,0.000327,108,,589305,9 7 8 8,9 7 8 8
124,320,known,1,1,0.000016,4,,589305,9 7 8 8,9 7 8 8
125,320,brute,1,1,0.063258,130321,1,514804,17 14 6 8,17 14 6 8
125,320,columns,1,1,0.000326,108,,514804,17 14 6 8,17 14 6 8
125,320,known,1,1,0.000015,4,,514804,17 14 6 8,17 14 6 8
126,320,brute,1,1,0.061342,130321,1,660955,9 8 4 7,9 8 4 7
126,320,columns,1,1,0.000363,108,,660955,9 8 4 7,9 8 4 7
126,320,known,1,1,0.000015,4,,660955,9 8 4 7,9 8 4 7
127,320,brute,1,1,0.064898,130321,1,212870,5 6 3 7,5 6 3 7
127,320,columns,1,1,0.000476,108,,212870,5 6 3 7,5 6 3 7
127,320,known,1,1,0.000019,4,,212870,5 6 3 7,5 6 3 7
128,320,brute,1,1,0.067343,130321,1,426414,3 11 2 17,3 11 2 17
128,320,columns,1,1,0.000313,108,,426414,3 11 2 17,3 11 2 17
128,320,known,1,1,0.000016,4,,426414,3 11 2 17,3 11 2 17
129,320,brute,1,1,0.060398,130321,1,209199,1 10 13 4,1 10 13 4
129,320,columns,1,1,0.000387,108,,209199,1 10 13 4,1 10 13 4
129,320,known,1,1,0.000019,4,,209199,1 10 13 4,1 10 13 4
130,320,brute,1,1,0.061151,130321,1,357673,15 11 17 12,15 11 17 12
130,320,columns,1,1,0.000308,108,,357673,15 11 17 12,15 11 17 12
130,320,known,1,1,0.000014,4,,357673,15 11 17 12,15 11 17 12
131,320,brute,1,1,0.062745,130321,1,316837,7 10 0 4,7 10 0 4
131,320,columns,1,1,0.000310,108,,316837,7 10 0 4,7 10 0 4
131,320,known,1,1,0.000014,4,,316837,7 10 0 4,7 10 0 4
132,320,brute,1,1,0.064165,130321,1,203235,4 3 5 8,4 3 5 8
132,320,columns,1,1,0.000362,108,,203235,4 3 5 8,4 3 5 8
132,320,known,1,1,0.000016,4,,203235,4 3 5 8,4 3 5 8
133,320,brute,1,1,0.064560,130321,1,540351,9 4 6 11,9 4 6 11
133,320,columns,1,1,0.000329,108,,540351,9 4 6 11,9 4 6 11
133,320,known,1,1,0.000015,4,,540351,9 4 6 11,9 4 6 11
134,320,brute,1,1,0.064660,130321,1,309906,2 6 9 17,2 6 9 17
134,320,columns,1,1,0.000305,108,,309906,2 6 9 17,2 6 9 17
134,320,known,1,1,0.000014,4,,309906,2 6 9 17,2 6 9 17
135,320,brute,1,1,0.067531,130321,1,290955,10 5 3 1,10 5 3 1
135,320,columns,1,1,0.000357,108,,290955,10 5 3 1,10 5 3 1
135,320,known,1,1,0.000014,4,,290955,10 5 3 1,10 5 3 1
136,320,brute,1,1,0.064422,130321,1,506374,8 14 12 13,8 14 12 13
136,320,columns,1,1,0.000316,108,,506374,8 14 12 13,8 14 12 13
136,320,known,1,1,0.000016,4,,506374,8 14 12 13,8 14 12 13
137,320,brute,1,1,0.067896,130321,1,184685,14 8 10 14,14 8 10 14
137,320,columns,1,1,0.000303,108,,184685,14 8 10 14,14 8 10 14
137,320,known,1,1,0.000028,4,,184685,14 8 10 14,14 8 10 14
138,320,brute,1,1,0.063464,130321,1,588008,11 7 15 15,11 7 15 15
138,320,columns,1,1,0.000370,108,,588008,11 7 15 15,11 7 15 15
138,320,known,1,1,0.000016,4,,588008,11 7 15 15,11 7 15 15
139,320,brute,1,1,0.065157,130321,1,221087,13 14 12 15,13 14 12 15
139,320,columns,1,1,0.000339,108,,221087,13 14 12 15,13 14 12 15
139,320,known,1,1,0.000015,4,,221087,13 14 12 15,13 14 12 15
140,320,brute,1,1,0.065969,130321,1,272836,10 5 8 5,10 5 8 5
140,320,columns,1,1,0.000308,108,,272836,10 5 8 5,10 5 8 5
140,320,known,1,1,0.000015,4,,272836,10 5 8 5,10 5 8 5
141,320,brute,1,1,0.062638,130321,1,588510,7 12 7 10,7 12 7 10
141,320,columns,1,1,0.000536,108,,588510,7 12 7 10,7 12 7 10
141,320,known,1,1,0.000015,4,,588510,7 12 7 10,7 12 7 10
142,320,brute,1,1,0.067821,130321,1,112865,8 11 7 6,8 11 7 6
142,320,columns,1,1,0.000309,108,,112865,8 11 7 6,8 11 7 6
142,320,known,1,1,0.000015,4,,112865,8 11 7 6,8 11 7 6
143,320,brute,1,1,0.062932,130321,1,667158,2 6 2 5,2 6 2 5
143,320,columns,1,1,0.000381,108,,667158,2 6 2 5,2 6 2 5
143,320,known,1,1,0.000015,4,,667158,2 6 2 5,2 6 2 5
144,320,brute,1,1,0.059403,130321,1,493115,11 4 5 16,11 4 5 16
144,320,columns,1,1,0.000327,108,,493115,11 4 5 16,11 4 5 16
144,320,known,1,1,0.000014,4,,493115,11 4 5 16,11 4 5 16
145,320,brute,1,1,0.063952,130321,1,135848,8 15 5 4,8 15 5 4
145,320,columns,1,1,0.000312,108,,135848,8 15 5 4,8 15 5 4
145,320,known,1,1,0.000015,4,,135848,8 15 5 4,8 15 5 4
146,320,brute,1,1,0.060855,130321,1,63375,9 10 9 8,9 10 9 8
146,320,columns,1,1,0.000307,108,,63375,9 10 9 8,9 10 9 8
146,320,known,1,1,0.000014,4,,63375,9 10 9 8,9 10 9 8
147,320,brute,1,1,0.060378,130321,1,521457,6 8 9 9,6 8 9 9
147,320,columns,1,1,0.000387,108,,521457,6 8 9 9,6 8 9 9
147,320,known,1,1,0.000015,4,,521457,6 8 9 9,6 8 9 9
148,320,brute,1,1,0.065298,130321,1,567672,7 11 8 8,7 11 8 8
148,320,columns,1,1,0.000293,108,,567672,7 11 8 8,7 11 8 8
148,320,known,1,1,0.000015,4,,567672,7 11 8 8,7 11 8 8
149,320,brute,1,1,0.069465,130321,1,86362,14 8 8 10,14 8 8 10
149,320,columns,1,1,0.000335,108,,86362,14 8 8 10,14 8 8 10
149,320,known,1,1,0.000016,4,,86362,14 8 8 10,14 8 8 10
150,320,brute,1,1,0.062238,130321,1,274199,15 12 15 6,15 12 15 6
150,320,columns,1,1,0.000408,108,,274199,15 12 15 6,15 12 15 6
150,320,known,1,1,0.000016,4,,274199,15 12 15 6,15 12 15 6
151,320,brute,1,1,0.062952,130321,1,460670,15 10 2 18,15 10 2 18
151,320,columns,1,1,0.000324,108,,460670,15 10 2 18,15 10 2 18
151,320,known,1,1,0.000015,4,,460670,15 10 2 18,15 10 2 18
152,320,brute,1,1,0.066645,130321,1,661224,9 3 7 11,9 3 7 11
152,320,columns,1,1,0.000328,108,,661224,9 3 7 11,9 3 7 11
152,320,known,1,1,0.000016,4,,661224,9 3 7 11,9 3 7 11
153,320,brute,1,1,0.059908,130321,1,23563,9 11 9 8,9 11 9 8
153,320,columns,1,1,0.000341,108,,23563,9 11 9 8,9 11 9 8
153,320,known,1,1,0.000014,4,,23563,9 11 9 8,9 11 9 8
154,320,brute,1,1,0.062574,130321,1,277681,0 1 4 1,0 1 4 1
154,320,columns,1,1,0.000309,108,,277681,0 1 4 1,0 1 4 1
154,320,known,1,1,0.000015,4,,277681,0 1 4 1,0 1 4 1
155,320,brute,1,1,0.063556,130321,1,378825,8 4 6 8,8 4 6 8
155,320,columns,1,1,0.000346,108,,378825,8 4 6 8,8 4 6 8
155,320,known,1,1,0.000015,4,,378825,8 4 6 8,8 4 6 8
156,320,brute,1,1,0.068789,130321,1,508616,10 1 11 15,10 1 11 15
156,320,columns,1,1,0.000338,108,,508616,10 1 11 15,10 1 11 15
156,320,known,1,1,0.000028,4,,508616,10 1 11 15,10 1 11 15
157,320,brute,1,1,0.067811,130321,1,594078,4 7 3 9,4 7 3 9
157,320,columns,1,1,0.000523,108,,594078,4 7 3 9,4 7 3 9
157,320,known,1,1,0.000020,4,,594078,4 7 3 9,4 7 3 9
158,320,brute,1,1,0.071523,130321,1,588885,8 13 10 11,8 13 10 11
158,320,columns,1,1,0.000533,108,,588885,8 13 10 11,8 13 10 11
158,320,known,1,1,0.000025,4,,588885,8 13 10 11,8 13 10 11
159,320,brute,1,1,0.070243,130321,1,348667,6 9 5 9,6 9 5 9
159,320,columns,1,1,0.000363,108,,348667,6 9 5 9,6 9 5 9
159,320,known,1,1,0.000017,4,,348667,6 9 5 9,6 9 5 9
160,320,brute,1,1,0.073634,130321,1,129474,9 5 3 6,9 5 3 6
160,320,columns,1,1,0.000589,108,,129474,9 5 3 6,9 5 3 6
160,320,known,1,1,0.000028,4,,129474,9 5 3 6,9 5 3 6
161,320,brute,1,1,0.078222,130321,1,621018,8 1 9 10,8 1 9 10
161,320,columns,1,1,0.000479,108,,621018,8 1 9 10,8 1 9 10
161,320,known,1,1,0.000021,4,,621018,8 1 9 10,8 1 9 10
162,320,brute,1,1,0.081369,130321,1,429547,10 15 17 7,10 15 17 7
162,320,columns,1,1,0.000407,108,,429547,10 15 17 7,10 15 17 7
162,320,known,1,1,0.000018,4,,429547,10 15 17 7,10 15 17 7
163,320,brute,1,1,0.077555,130321,1,391232,13 16 11 9,13 16 11 9
163,320,columns,1,1,0.000385,108,,391232,13 16 11 9,13 16 11 9
163,320,known,1,1,0.000018,4,,391232,13 16 11 9,13 16 11 9
164,320,brute,1,1,0.087194,130321,1,363918,7 3 4 1,7 3 4 1
164,320,columns,1,1,0.000383,108,,363918,7 3 4 1,7 3 4 1
164,320,known,1,1,0.000017,4,,363918,7 3 4 1,7 3 4 1
165,320,brute,1,1,0.081005,130321,1,95377,11 9 5 15,11 9 5 15
165,320,columns,1,1,0.000415,108,,95377,11 9 5 15,11 9 5 15
165,320,known,1,1,0.000019,4,,95377,11 9 5 15,11 9 5 15
166,320,brute,1,1,0.068791,130321,1,340782,6 1 14 7,6 1 14 7
166,320,columns,1,1,0.000367,108,,340782,6 1 14 7,6 1 14 7
166,320,known,1,1,0.000017,4,,340782,6 1 14 7,6 1 14 7
167,320,brute,1,1,0.076242,130321,1,510383,14 13 18 8,14 13 18 8
167,320,columns,1,1,0.001302,108,,510383,14 13 18 8,14 13 18 8
167,320,known,1,1,0.000019,4,,510383,14 13 18 8,14 13 18 8
168,320,brute,1,1,0.161817,130321,1,689608,8 5 4 15,8 5 4 15
168,320,columns,1,1,0.000450,108,,689608,8 5 4 15,8 5 4 15
168,320,known,1,1,0.000020,4,,689608,8 5 4 15,8 5 4 15
169,320,brute,1,1,0.100419,130321,1,644804,12 9 5 12,12 9 5 12
169,320,columns,1,1,0.000586,108,,644804,12 9 5 12,12 9 5 12
169,320,known,1,1,0.000025,4,,644804,12 9 5 12,12 9 5 12
170,320,brute,1,1,0.079934,130321,1,554540,16 13 5 10,16 13 5 10
170,320,columns,1,1,0.000410,108,,554540,16 13 5 10,16 13 5 10
170,320,known,1,1,0.000019,4,,554540,16 13 5 10,16 13 5 10
171,320,brute,1,1,0.073838,130321,1,263098,2 8 6 1,2 8 6 1
171,320,columns,1,1,0.000445,108,,263098,2 8 6 1,2 8 6 1
171,320,known,1,1,0.000018,4,,263098,2 8 6 1,2 8 6 1
172,320,brute,1,1,0.071690,130321,1,55795,13 9 11 11,13 9 11 11
172,320,columns,1,1,0.000349,108,,55795,13 9 11 11,13 9 11 11
172,320,known,1,1,0.000016,4,,55795,13 9 11 11,13 9 11 11
173,320,brute,1,1,0.068501,130321,1,623389,3 5 8 14,3 5 8 14
173,320,columns,1,1,0.000399,108,,623389,3 5 8 14,3 5 8 14
173,320,known,1,1,0.000018,4,,623389,3 5 8 14,3 5 8 14
174,320,brute,1,1,0.066431,130321,1,618205,0 12 11 5,0 12 11 5
174,320,columns,1,1,0.000443,108,,618205,0 12 11 5,0 12 11 5
174,320,known,1,1,0.000016,4,,618205,0 12 11 5,0 12 11 5
175,320,brute,1,1,0.067903,130321,1,346114,10 0 13 11,10 0 13 11
175,320,columns,1,1,0.000550,108,,346114,10 0 13 11,10 0 13 11
175,320,known,1,1,0.000018,4,,346114,10 0 13 11,10 0 13 11
176,320,brute,1,1,0.069285,130321,1,637246,13 14 3 6,13 14 3 6
176,320,columns,1,1,0.000332,108,,637246,13 14 3 6,13 14 3 6
176,320,known,1,1,0.000016,4,,637246,13 14 3 6,13 14 3 6
177,320,brute,1,1,0.068898,130321,1,285376,13 9 1 5,13 9 1 5
177,320,columns,1,1,0.000458,108,,285376,13 9 1 5,13 9 1 5
177,320,known,1,1,0.000019,4,,285376,13 9 1 5,13 9 1 5
178,320,brute,1,1,0.070905,130321,1,414346,13 2 15 14,13 2 15 14
178,320,columns,1,1,0.000329,108,,414346,13 2 15 14,13 2 15 14
178,320,known,1,1,0.000016,4,,414346,13 2 15 14,13 2 15 14
179,320,brute,1,1,0.065657,130321,1,24607,12 8 7 10,12 8 7 10
179,320,columns,1,1,0.000365,108,,24607,12 8 7 10,12 8 7 10
179,320,known,1,1,0.000020,4,,24607,12 8 7 10,12 8 7 10
180,320,brute,1,1,0.065616,130321,1,225559,17 8 11 13,17 8 11 13
180,320,columns,1,1,0.000394,108,,225559,17 8 11 13,17 8 11 13
180,320,known,1,1,0.000015,4,,225559,17 8 11 13,17 8 11 13
181,320,brute,1,1,0.060409,130321,1,565766,0 12 3 17,0 12 3 17
181,320,columns,1,1,0.000380,108,,565766,0 12 3 17,0 12 3 17
181,320,known,1,1,0.000015,4,,565766,0 12 3 17,0 12 3 17
182,320,brute,1,1,0.066534,130321,1,364173,13 15 0 9,13 15 0 9
182,320,columns,1,1,0.000384,108,,364173,13 15 0 9,13 15 0 9
182,320,known,1,1,0.000015,4,,364173,13 15 0 9,13 15 0 9
183,320,brute,1,1,0.071049,130321,1,520341,14 10 5 4,14 10 5 4
183,320,columns,1,1,0.000366,108,,520341,14 10 5 4,14 10 5 4
183,320,known,1,1,0.000016,4,,520341,14 10 5 4,14 10 5 4
184,320,brute,1,1,0.068997,130321,1,615048,2 18 2 10,2 18 2 10
184,320,columns,1,1,0.000468,108,,615048,2 18 2 10,2 18 2 10
184,320,known,1,1,0.000017,4,,615048,2 18 2 10,2 18 2 10
185,320,brute,1,1,0.068173,130321,1,499811,12 4 3 14,12 4 3 14
185,320,columns,1,1,0.000376,108,,499811,12 4 3 14,12 4 3 14
185,320,known,1,1,0.000016,4,,499811,12 4 3 14,12 4 3 14
186,320,brute,1,1,0.069200,130321,1,7441,13 0 11 5,13 0 11 5
186,320,columns,1,1,0.000501,108,,7441,13 0 11 5,13 0 11 5
186,320,known,1,1,0.000019,4,,7441,13 0 11 5,13 0 11 5
187,320,brute,1,1,0.065932,130321,1,480043,6 5 8 8,6 5 8 8
187,320,columns,1,1,0.000345,108,,480043,6 5 8 8,6 5 8 8
187,320,known,1,1,0.000018,4,,480043,6 5 8 8,6 5 8 8
188,320,brute,1,1,0.067010,130321,1,143718,11 9 8 10,11 9 8 10
188,320,columns,1,1,0.000446,108,,143718,11 9 8 10,11 9 8 10
188,320,known,1,1,0.000017,4,,143718,11 9 8 10,11 9 8 10
189,320,brute,1,1,0.068863,130321,1,310236,14 9 1 2,14 9 1 2
189,320,columns,1,1,0.000544,108,,310236,14 9 1 2,14 9 1 2
189,320,known,1,1,0.000062,4,,310236,14 9 1 2,14 9 1 2
190,320,brute,1,1,0.069965,130321,1,22634,9 9 7 18,9 9 7 18
190,320,columns,1,1,0.000414,108,,22634,9 9 7 18,9 9 7 18
190,320,known,1,1,0.000016,4,,22634,9 9 7 18,9 9 7 18
191,320,brute,1,1,0.067049,130321,1,107687,15 10 11 17,15 10 11 17
191,320,columns,1,1,0.000445,108,,107687,15 10 11 17,15 10 11 17
191,320,known,1,1,0.000027,4,,107687,15 10 11 17,15 10 11 17
192,320,brute,1,1,0.068378,130321,1,400633,11 5 2 10,11 5 2 10
192,320,columns,1,1,0.000361,108,,400633,11 5 2 10,11 5 2 10
192,320,known,1,1,0.000015,4,,400633,11 5 2 10,11 5 2 10
193,320,brute,1,1,0.066711,130321,1,397120,5 8 5 10,5 8 5 10
193,320,columns,1,1,0.000422,108,,397120,5 8 5 10,5 8 5 10
193,320,known,1,1,0.000019,4,,397120,5 8 5 10,5 8 5 10
194,320,brute,1,1,0.069959,130321,1,248496,13 3 9 10,13 3 9 10
194,320,columns,1,1,0.000371,108,,248496,13 3 9 10,13 3 9 10
194,320,known,1,1,0.000016,4,,248496,13 3 9 10,13 3 9 10
195,320,brute,1,1,0.066163,130321,1,270016,14 6 5 15,14 6 5 15
195,320,columns,1,1,0.000393,108,,270016,14 6 5 15,14 6 5 15
195,320,known,1,1,0.000019,4,,270016,14 6 5 15,14 6 5 15
196,320,brute,1,1,0.068002,130321,1,121996,10 8 7 17,10 8 7 17
196,320,columns,1,1,0.000316,108,,121996,10 8 7 17,10 8 7 17
196,320,known,1,1,0.000014,4,,121996,10 8 7 17,10 8 7 17
197,320,brute,1,1,0.064881,130321,1,529723,8 9 0 8,8 9 0 8
197,320,columns,1,1,0.000363,108,,529723,8 9 0 8,8 9 0 8
197,320,known,1,1,0.000017,4,,529723,8 9 0 8,8 9 0 8
198,320,brute,1,1,0.067974,130321,1,392605,9 7 9 4,9 7 9 4
198,320,columns,1,1,0.000366,108,,392605,9 7 9 4,9 7 9 4
198,320,known,1,1,0.000016,4,,392605,9 7 9 4,9 7 9 4
199,320,brute,1,1,0.068331,130321,1,538986,11 8 7 10,11 8 7 10
199,320,columns,1,1,0.000316,108,,538986,11 8 7 10,11 8 7 10
199,320,known,1,1,0.000034,4,,538986,11 8 7 10,11 8 7 10
